source,dbid,taxon,action,note,barcode
GENBANK,1008909663,Galeus melastomus,REMOVE,Wacky sequence very different from others,coi.lerayxt
GENBANK,1011092589,Chelon auratus,REMOVE,Wacky sequence very different from others,coi.lerayxt
GENBANK,1011092609,Mugil cephalus,REMOVE,Wacky sequence very different from others,coi.lerayxt
GENBANK,1011092613,Mugil cephalus,REMOVE,Wacky sequence very different from others,coi.lerayxt
GENBANK,1013181152,Thunnus thynnus,REMOVE,Blasts as Thunnus albacares & Thunnus obesus,coi.lerayxt
GENBANK,1013181176,Thunnus thynnus,REMOVE,Blasts as Thunnus orientalis,coi.lerayxt
GENBANK,1013181222,Anguilla anguilla,REMOVE,Wacky sequence very different from others,coi.lerayxt
GENBANK,1013181223,Anguilla anguilla,REMOVE,Wacky sequence very different from others,coi.lerayxt
GENBANK,1013873805,Salmo trutta,REMOVE,Blasts as Salvelinus alpinus,coi.lerayxt
GENBANK,1052251477,Syngnathus acus,REMOVE,Blasts as Syngnathus typhle,coi.lerayxt
GENBANK,1071035866,Ammodytes tobianus,REMOVE,Blasts as Hyperoplus lanceolatus,coi.lerayxt
GENBANK,1071035876,Ammodytes tobianus,REMOVE,Blasts as Hyperoplus lanceolatus,coi.lerayxt
GENBANK,1071035888,Ammodytes tobianus,REMOVE,Blasts as Hyperoplus lanceolatus,coi.lerayxt
GENBANK,1071035914,Ammodytes tobianus,REMOVE,Blasts as Hyperoplus lanceolatus,coi.lerayxt
GENBANK,1071035926,Ammodytes tobianus,REMOVE,Blasts as Hyperoplus lanceolatus,coi.lerayxt
GENBANK,1071035934,Ammodytes tobianus,REMOVE,Blasts as Hyperoplus lanceolatus,coi.lerayxt
GENBANK,1084353012,Ammodytes tobianus,REMOVE,Blasts as Hyperoplus lanceolatus,coi.lerayxt
GENBANK,1084353046,Neogobius melanostomus,REMOVE,Bad quality sequence?,coi.lerayxt
GENBANK,1084353060,Pomatoschistus microps,REMOVE,Bad quality sequence?,coi.lerayxt
GENBANK,1084353062,Pomatoschistus minutus,REMOVE,Bad quality sequence?,coi.lerayxt
GENBANK,1084353064,Pomatoschistus minutus,REMOVE,Sativa: Nested in a cluster of Pomatoschistus microps,coi.lerayxt
GENBANK,1084353066,Pomatoschistus minutus,REMOVE,Sativa: Nested in a cluster of Pomatoschistus microps,coi.lerayxt
GENBANK,1084353068,Pomatoschistus minutus,REMOVE,Sativa: Nested in a cluster of Pomatoschistus microps,coi.lerayxt
GENBANK,1084353070,Pomatoschistus minutus,REMOVE,Sativa: Nested in a cluster of Pomatoschistus microps,coi.lerayxt
GENBANK,1084353072,Pomatoschistus minutus,REMOVE,Sativa: Nested in a cluster of Pomatoschistus microps,coi.lerayxt
GENBANK,1084353074,Pomatoschistus minutus,REMOVE,Sativa: Nested in a cluster of Pomatoschistus microps,coi.lerayxt
GENBANK,1084353076,Pomatoschistus minutus,REMOVE,Sativa: Nested in a cluster of Pomatoschistus microps,coi.lerayxt
GENBANK,1090894194,Myliobatis aquila,REMOVE,Blasts as Myliobatis tobijei,12s.miya
GENBANK,109179684,Petromyzon marinus,REMOVE,Wacky sequence very different from others,coi.lerayxt
GENBANK,109179904,Petromyzon marinus,REMOVE,Wacky sequence very different from others,coi.lerayxt
GENBANK,109179910,Petromyzon marinus,REMOVE,Wacky sequence very different from others,coi.lerayxt
GENBANK,109179947,Petromyzon marinus,REMOVE,Wacky sequence very different from others,coi.lerayxt
GENBANK,109179954,Petromyzon marinus,REMOVE,Wacky sequence very different from others,coi.lerayxt
GENBANK,109179993,Petromyzon marinus,REMOVE,Wacky sequence very different from others,coi.lerayxt
GENBANK,109180074,Petromyzon marinus,REMOVE,Wacky sequence very different from others,coi.lerayxt
GENBANK,109180168,Petromyzon marinus,REMOVE,Wacky sequence very different from others,coi.lerayxt
GENBANK,109180219,Petromyzon marinus,REMOVE,Wacky sequence very different from others,coi.lerayxt
GENBANK,109180594,Petromyzon marinus,REMOVE,Wacky sequence very different from others,coi.lerayxt
GENBANK,109180602,Petromyzon marinus,REMOVE,Wacky sequence very different from others,coi.lerayxt
GENBANK,109180614,Petromyzon marinus,REMOVE,Wacky sequence very different from others,coi.lerayxt
GENBANK,109180835,Petromyzon marinus,REMOVE,Wacky sequence very different from others,coi.lerayxt
GENBANK,109181090,Petromyzon marinus,REMOVE,Wacky sequence very different from others,coi.lerayxt
GENBANK,109181148,Petromyzon marinus,REMOVE,Wacky sequence very different from others,coi.lerayxt
GENBANK,109181172,Petromyzon marinus,REMOVE,Wacky sequence very different from others,coi.lerayxt
GENBANK,109181180,Petromyzon marinus,REMOVE,Wacky sequence very different from others,coi.lerayxt
GENBANK,109181236,Petromyzon marinus,REMOVE,Wacky sequence very different from others,coi.lerayxt
GENBANK,109181267,Petromyzon marinus,REMOVE,Wacky sequence very different from others,coi.lerayxt
GENBANK,109181276,Petromyzon marinus,REMOVE,Wacky sequence very different from others,coi.lerayxt
GENBANK,109181698,Petromyzon marinus,REMOVE,Wacky sequence very different from others,coi.lerayxt
GENBANK,109181892,Petromyzon marinus,REMOVE,Wacky sequence very different from others,coi.lerayxt
GENBANK,109181991,Petromyzon marinus,REMOVE,Wacky sequence very different from others,coi.lerayxt
GENBANK,109182027,Petromyzon marinus,REMOVE,Wacky sequence very different from others,coi.lerayxt
GENBANK,109182139,Petromyzon marinus,REMOVE,Wacky sequence very different from others,coi.lerayxt
GENBANK,109182264,Petromyzon marinus,REMOVE,Wacky sequence very different from others,coi.lerayxt
GENBANK,109182270,Petromyzon marinus,REMOVE,Wacky sequence very different from others,coi.lerayxt
GENBANK,109182273,Petromyzon marinus,REMOVE,Wacky sequence very different from others,coi.lerayxt
GENBANK,109182314,Petromyzon marinus,REMOVE,Wacky sequence very different from others,coi.lerayxt
GENBANK,109182436,Petromyzon marinus,REMOVE,Wacky sequence very different from others,coi.lerayxt
GENBANK,109185875,Petromyzon marinus,REMOVE,Wacky sequence very different from others,coi.lerayxt
GENBANK,109185931,Petromyzon marinus,REMOVE,Bad quality sequence? Blasts only against itself,coi.lerayxt
GENBANK,109188470,Petromyzon marinus,REMOVE,Wacky sequence very different from others,coi.lerayxt
GENBANK,114309766,Petromyzon marinus,REMOVE,Bad quality sequence? Blasts only against itself,coi.lerayxt
GENBANK,114312678,Petromyzon marinus,REMOVE,Bad quality sequence? Blasts only against itself,coi.lerayxt
GENBANK,114313716,Petromyzon marinus,REMOVE,Wacky sequence very different from others,coi.lerayxt
GENBANK,114314165,Petromyzon marinus,REMOVE,Wacky sequence very different from others,coi.lerayxt
GENBANK,114317896,Petromyzon marinus,REMOVE,Wacky sequence very different from others,coi.lerayxt
GENBANK,114792109,Squalus acanthias,REMOVE,Wacky sequence very different from others,coi.lerayxt
GENBANK,1153118525,Mugil cephalus,REMOVE,Wacky sequence very different from others,coi.lerayxt
GENBANK,115336432,Thunnus thynnus,REMOVE,Wacky sequence very different from others,coi.lerayxt
GENBANK,115338438,Petromyzon marinus,REMOVE,Wacky sequence very different from others,coi.lerayxt
GENBANK,115338481,Petromyzon marinus,REMOVE,Wacky sequence very different from others,coi.lerayxt
GENBANK,115338661,Petromyzon marinus,REMOVE,Wacky sequence very different from others,coi.lerayxt
GENBANK,115338667,Petromyzon marinus,REMOVE,Wacky sequence very different from others,coi.lerayxt
GENBANK,115338920,Petromyzon marinus,REMOVE,Wacky sequence very different from others,coi.lerayxt
GENBANK,115338928,Petromyzon marinus,REMOVE,Wacky sequence very different from others,coi.lerayxt
GENBANK,115338983,Petromyzon marinus,REMOVE,Wacky sequence very different from others,coi.lerayxt
GENBANK,115339078,Petromyzon marinus,REMOVE,Wacky sequence very different from others,coi.lerayxt
GENBANK,115339095,Petromyzon marinus,REMOVE,Wacky sequence very different from others,coi.lerayxt
GENBANK,115339155,Petromyzon marinus,REMOVE,Wacky sequence very different from others,coi.lerayxt
GENBANK,115339176,Petromyzon marinus,REMOVE,Wacky sequence very different from others,coi.lerayxt
GENBANK,115339243,Petromyzon marinus,REMOVE,Bad quality sequence? Blasts only against itself,coi.lerayxt
GENBANK,115339331,Petromyzon marinus,REMOVE,Wacky sequence very different from others,coi.lerayxt
GENBANK,115339407,Petromyzon marinus,REMOVE,Wacky sequence very different from others,coi.lerayxt
GENBANK,115339521,Petromyzon marinus,REMOVE,Wacky sequence very different from others,coi.lerayxt
GENBANK,115339555,Petromyzon marinus,REMOVE,Wacky sequence very different from others,coi.lerayxt
GENBANK,115339592,Petromyzon marinus,REMOVE,Wacky sequence very different from others,coi.lerayxt
GENBANK,115339623,Petromyzon marinus,REMOVE,Wacky sequence very different from others,coi.lerayxt
GENBANK,115339854,Petromyzon marinus,REMOVE,Bad quality sequence? Blasts only against itself,coi.lerayxt
GENBANK,115339925,Petromyzon marinus,REMOVE,Wacky sequence very different from others,coi.lerayxt
GENBANK,115339999,Petromyzon marinus,REMOVE,Wacky sequence very different from others,coi.lerayxt
GENBANK,115340007,Petromyzon marinus,REMOVE,Wacky sequence very different from others,coi.lerayxt
GENBANK,115340163,Petromyzon marinus,REMOVE,Wacky sequence very different from others,coi.lerayxt
GENBANK,115340185,Petromyzon marinus,REMOVE,Wacky sequence very different from others,coi.lerayxt
GENBANK,115340197,Petromyzon marinus,REMOVE,Wacky sequence very different from others,coi.lerayxt
GENBANK,115340211,Petromyzon marinus,REMOVE,Wacky sequence very different from others,coi.lerayxt
GENBANK,115340249,Petromyzon marinus,REMOVE,Wacky sequence very different from others,coi.lerayxt
GENBANK,115340263,Petromyzon marinus,REMOVE,Wacky sequence very different from others,coi.lerayxt
GENBANK,115340327,Petromyzon marinus,REMOVE,Wacky sequence very different from others,coi.lerayxt
GENBANK,115340358,Petromyzon marinus,REMOVE,Wacky sequence very different from others,coi.lerayxt
GENBANK,115340399,Petromyzon marinus,REMOVE,Wacky sequence very different from others,coi.lerayxt
GENBANK,115340429,Petromyzon marinus,REMOVE,Wacky sequence very different from others,coi.lerayxt
GENBANK,115340447,Petromyzon marinus,REMOVE,Wacky sequence very different from others,coi.lerayxt
GENBANK,115340491,Petromyzon marinus,REMOVE,Wacky sequence very different from others,coi.lerayxt
GENBANK,115340611,Petromyzon marinus,REMOVE,Wacky sequence very different from others,coi.lerayxt
GENBANK,115340648,Petromyzon marinus,REMOVE,Wacky sequence very different from others,coi.lerayxt
GENBANK,115340671,Petromyzon marinus,REMOVE,Wacky sequence very different from others,coi.lerayxt
GENBANK,115340787,Petromyzon marinus,REMOVE,Wacky sequence very different from others,coi.lerayxt
GENBANK,115340863,Petromyzon marinus,REMOVE,Wacky sequence very different from others,coi.lerayxt
GENBANK,115341044,Petromyzon marinus,REMOVE,Wacky sequence very different from others,coi.lerayxt
GENBANK,115341130,Petromyzon marinus,REMOVE,Wacky sequence very different from others,coi.lerayxt
GENBANK,115341271,Petromyzon marinus,REMOVE,Wacky sequence very different from others,coi.lerayxt
GENBANK,115341394,Petromyzon marinus,REMOVE,Wacky sequence very different from others,coi.lerayxt
GENBANK,115341496,Petromyzon marinus,REMOVE,Bad quality sequence? Blasts only against itself,coi.lerayxt
GENBANK,115341541,Petromyzon marinus,REMOVE,Wacky sequence very different from others,coi.lerayxt
GENBANK,115342029,Petromyzon marinus,REMOVE,Wacky sequence very different from others,coi.lerayxt
GENBANK,115342064,Petromyzon marinus,REMOVE,Wacky sequence very different from others,coi.lerayxt
GENBANK,1153535606,Scomber scombrus,REMOVE,Wacky sequence very different from others,coi.lerayxt
GENBANK,1182627589,Mugil cephalus,REMOVE,Wacky sequence very different from others,coi.lerayxt
GENBANK,1182627591,Mugil cephalus,REMOVE,Wacky sequence very different from others,coi.lerayxt
GENBANK,120476288,Salmo salar,REMOVE,Wacky sequence very different from others,coi.lerayxt
GENBANK,1205917213,Dasyatis pastinaca,REMOVE,Blasts as Dasyatis tortonesei,coi.lerayxt
GENBANK,1207222475,Lampetra fluviatilis,REMOVE,Blasts as Lampetra planeri,coi.lerayxt
GENBANK,1207322245,Mugil cephalus,REMOVE,Wacky sequence very different from others,coi.lerayxt
GENBANK,1214737207,Mugil cephalus,REMOVE,Sativa: Grouped with Chelon,coi.lerayxt
GENBANK,1214737209,Mugil cephalus,REMOVE,Sativa: Grouped with Chelon,coi.lerayxt
GENBANK,1214737211,Mugil cephalus,REMOVE,Sativa: Grouped with Chelon,coi.lerayxt
GENBANK,1214737213,Mugil cephalus,REMOVE,Sativa: Grouped with Chelon,coi.lerayxt
GENBANK,1219401461,Mugil cephalus,REMOVE,Blasts as Planiliza sp.,coi.lerayxt
GENBANK,1276391890,Salvelinus alpinus,REMOVE,Bad quality sequence?,12s.miya
GENBANK,1276391904,Salvelinus alpinus,REMOVE,Bad quality sequence?,12s.miya
GENBANK,1321369503,Trachinus draco,REMOVE,Sativa: Grouped with Gobiiformes,coi.lerayxt
GENBANK,1341120792,Pungitius laevis,REMOVE,Blasts as Pungitius sp.,coi.lerayxt
GENBANK,1341120794,Pungitius laevis,REMOVE,Blasts as Pungitius pungitius,coi.lerayxt
GENBANK,1341120798,Pungitius laevis,REMOVE,Blasts as Pungitius sp.,coi.lerayxt
GENBANK,1341120804,Pungitius laevis,REMOVE,Blasts as Pungitius pungitius,coi.lerayxt
GENBANK,1341120810,Pungitius laevis,REMOVE,Blasts as Pungitius pungitius,coi.lerayxt
GENBANK,1341120822,Pungitius laevis,REMOVE,Blasts as Pungitius pungitius,coi.lerayxt
GENBANK,1341120830,Pungitius laevis,REMOVE,Blasts as Pungitius pungitius,coi.lerayxt
GENBANK,1341120834,Pungitius laevis,REMOVE,Blasts as Pungitius pungitius,coi.lerayxt
GENBANK,1341120836,Pungitius laevis,REMOVE,Blasts as Pungitius sp.,coi.lerayxt
GENBANK,1341120838,Pungitius laevis,REMOVE,Blasts as Pungitius pungitius,coi.lerayxt
GENBANK,1341120842,Pungitius laevis,REMOVE,Blasts as Pungitius sp.,coi.lerayxt
GENBANK,1341120844,Pungitius laevis,REMOVE,Blasts as Pungitius pungitius,coi.lerayxt
GENBANK,1341120846,Pungitius laevis,REMOVE,Blasts as Pungitius sp.,coi.lerayxt
GENBANK,1341120864,Pungitius laevis,REMOVE,Blasts as Pungitius pungitius,coi.lerayxt
GENBANK,1341120866,Pungitius laevis,REMOVE,Blasts as Pungitius pungitius,coi.lerayxt
GENBANK,1341120872,Pungitius laevis,REMOVE,Blasts as Pungitius sp.,coi.lerayxt
GENBANK,1341120894,Pungitius laevis,REMOVE,Blasts as Pungitius sp.,coi.lerayxt
GENBANK,1341120898,Pungitius laevis,REMOVE,Wacky sequence very different from others,coi.lerayxt
GENBANK,1341120900,Pungitius laevis,REMOVE,Blasts as Pungitius sp.,coi.lerayxt
GENBANK,1341120904,Pungitius laevis,REMOVE,Blasts as Pungitius pungitius,coi.lerayxt
GENBANK,1341120910,Pungitius laevis,REMOVE,Blasts as Pungitius pungitius,coi.lerayxt
GENBANK,1341120916,Pungitius laevis,REMOVE,Blasts as Pungitius pungitius,coi.lerayxt
GENBANK,1341120930,Pungitius laevis,REMOVE,Blasts as Pungitius pungitius,coi.lerayxt
GENBANK,1341120932,Pungitius laevis,REMOVE,Blasts as Pungitius sp.,coi.lerayxt
GENBANK,1341120950,Pungitius laevis,REMOVE,Blasts as Pungitius pungitius,coi.lerayxt
GENBANK,1341120960,Pungitius laevis,REMOVE,Blasts as Pungitius pungitius,coi.lerayxt
GENBANK,1341120974,Pungitius laevis,REMOVE,Blasts as Pungitius pungitius,coi.lerayxt
GENBANK,1341120982,Pungitius laevis,REMOVE,Blasts as Pungitius pungitius,coi.lerayxt
GENBANK,1341120994,Pungitius laevis,REMOVE,Blasts as Pungitius sp.,coi.lerayxt
GENBANK,1341121004,Pungitius laevis,REMOVE,Wacky sequence very different from others,coi.lerayxt
GENBANK,1373661459,Gadus morhua,REMOVE,Sativa: Grouped with Pleuronectiformes,coi.lerayxt
GENBANK,1373661465,Solea solea,REMOVE,Sativa: Grouped with Gadiformes,coi.lerayxt
GENBANK,1373661537,Solea solea,REMOVE,Blasts as Xiphias gladius,coi.lerayxt
GENBANK,1376159593,Conger conger,REMOVE,Sativa: Grouped with Perciformes/Uranoscopoidei,coi.lerayxt
GENBANK,14485498,Pollachius virens,REMOVE,Blasts as Pollachius pollachius,12s.miya
GENBANK,14495013,Salvelinus alpinus,REMOVE,Blasts as Salvelinus curilus & Salvelinus malma,12s.miya
GENBANK,146336701,Squalus acanthias,REMOVE,Wacky sequence very different from others,coi.lerayxt
GENBANK,1477471183,Chelon ramada,REMOVE,Wacky sequence very different from others,coi.lerayxt
GENBANK,1477471190,Chelon ramada,REMOVE,Wacky sequence very different from others,coi.lerayxt
GENBANK,1477471191,Chelon ramada,REMOVE,Wacky sequence very different from others,coi.lerayxt
GENBANK,1477471196,Chelon ramada,REMOVE,Wacky sequence very different from others,coi.lerayxt
GENBANK,1477471201,Chelon ramada,REMOVE,Wacky sequence very different from others,coi.lerayxt
GENBANK,1483535093,Mugil cephalus,REMOVE,Blasts as Planiliza sp.,coi.lerayxt
GENBANK,1491760615,Sardina pilchardus,REMOVE,Blasts as Sardinella aurita,coi.lerayxt
GENBANK,1515576542,Pholis gunnellus,REMOVE,Bad quality sequence?,12s.miya
GENBANK,1515576543,Pholis gunnellus,REMOVE,Bad quality sequence?,12s.miya
GENBANK,1537915510,Argyrosomus regius,REMOVE,Bad quality sequence? Blasts only against itself,coi.lerayxt
GENBANK,1579200424,Pomatoschistus pictus,REMOVE,Wacky sequence very different from others,coi.lerayxt
GENBANK,1579200426,Pomatoschistus pictus,REMOVE,Wacky sequence very different from others,coi.lerayxt
GENBANK,1579200428,Pomatoschistus pictus,REMOVE,Wacky sequence very different from others,coi.lerayxt
GENBANK,1579200430,Pomatoschistus pictus,REMOVE,Wacky sequence very different from others,coi.lerayxt
GENBANK,1584451413,Squalus acanthias,REMOVE,Blasts as Squalus suckleyi,coi.lerayxt
GENBANK,15844541,Salmo salar,REMOVE,Wacky sequence very different from others,coi.lerayxt
GENBANK,1707062135,Chelon ramada,REMOVE,Wacky sequence very different from others,coi.lerayxt
GENBANK,1707062136,Chelon ramada,REMOVE,Wacky sequence very different from others,coi.lerayxt
GENBANK,1707062138,Chelon ramada,REMOVE,Wacky sequence very different from others,coi.lerayxt
GENBANK,1728374130,Anguilla anguilla,REMOVE,Blasts as Anguilla bengalensis,coi.lerayxt
GENBANK,1728374134,Anguilla anguilla,REMOVE,Blasts as Anguilla bicolor,coi.lerayxt
GENBANK,1751378641,Mugil cephalus,REMOVE,Wacky sequence very different from others,coi.lerayxt
GENBANK,1772529606,Salmo trutta,REMOVE,Wacky sequence very different from others,coi.lerayxt
GENBANK,1774102302,Salmo trutta,REMOVE,Wacky sequence very different from others,coi.lerayxt
GENBANK,1782764453,Salvelinus alpinus,REMOVE,Bad quality sequence?,12s.miya
GENBANK,1782764467,Salvelinus alpinus,REMOVE,Bad quality sequence?,12s.miya
GENBANK,1798174090,Nerophis ophidion,REMOVE,Wacky sequence very different from others,12s.miya
GENBANK,1798174145,Merlangius merlangus,REMOVE,Bad quality sequence?,12s.miya
GENBANK,1799624463,Pomatoschistus microps,REMOVE,Blasts as Pomatoschistus minutus,coi.lerayxt
GENBANK,1799624574,Ammodytes tobianus,REMOVE,Blasts as Hyperoplus lanceolatus,coi.lerayxt
GENBANK,1812585286,Mugil cephalus,REMOVE,Wacky sequence very different from others,coi.lerayxt
GENBANK,1812585288,Mugil cephalus,REMOVE,Wacky sequence very different from others,coi.lerayxt
GENBANK,1818992096,Mugil cephalus,REMOVE,Wacky sequence very different from others,coi.lerayxt
GENBANK,1818992098,Mugil cephalus,REMOVE,Wacky sequence very different from others,coi.lerayxt
GENBANK,1818992100,Mugil cephalus,REMOVE,Wacky sequence very different from others,coi.lerayxt
GENBANK,1818992102,Mugil cephalus,REMOVE,Wacky sequence very different from others,coi.lerayxt
GENBANK,1818992104,Mugil cephalus,REMOVE,Wacky sequence very different from others,coi.lerayxt
GENBANK,1820088737,Mugil cephalus,REMOVE,Blasts as Planiliza sp.,coi.lerayxt
GENBANK,1824444063,Dasyatis pastinaca,REMOVE,Blasts as Dasyatis marmorata & Taeniurops grabatus,coi.lerayxt
GENBANK,1840390519,Katsuwonus pelamis,REMOVE,Wacky sequence very different from others,coi.lerayxt
GENBANK,1843786335,Boops boops,REMOVE,Wacky sequence very different from others,coi.lerayxt
GENBANK,1843818465,Trachinotus ovatus,REMOVE,Blasts as Trachinotus blochii & Trachinotus mookalee,12s.miya
GENBANK,1861684767,Boops boops,REMOVE,Sativa: Grouped with Gadiformes,coi.lerayxt
GENBANK,1865425322,Diplodus sargus,REMOVE,Wacky sequence very different from others,coi.lerayxt
GENBANK,1865511955,Mugil cephalus,REMOVE,Blasts as Planiliza sp.,coi.lerayxt
GENBANK,1871282694,Dipturus batis,REMOVE,Blasts as Dipturus intermedius,coi.lerayxt
GENBANK,187943761,Glyptocephalus cynoglossus,REMOVE,Wacky sequence very different from others,coi.lerayxt
GENBANK,1884731847,Sprattus sprattus,REMOVE,Wacky sequence very different from others,coi.lerayxt
GENBANK,1884732019,Osmerus eperlanus,REMOVE,Wacky sequence very different from others,coi.lerayxt
GENBANK,1894451009,Diplodus sargus,REMOVE,Blasts as Oblada melanurus,12s.miya
GENBANK,1907864668,Salvelinus alpinus,REMOVE,Blasts as Salvelinus curilus & Salvelinus malma,12s.miya
GENBANK,1907864682,Salvelinus alpinus,REMOVE,Blasts as Salvelinus curilus & Salvelinus malma,12s.miya
GENBANK,1907864696,Salvelinus alpinus,REMOVE,Blasts as Salvelinus curilus & Salvelinus malma,12s.miya
GENBANK,1921019938,Sardina pilchardus,REMOVE,Blasts as Sardinella aurita,coi.lerayxt
GENBANK,1934898010,Thunnus thynnus,REMOVE,Blasts as Thunnus orientalis,coi.lerayxt
GENBANK,1934898012,Thunnus thynnus,REMOVE,Blasts as Thunnus orientalis,coi.lerayxt
GENBANK,1934898020,Thunnus thynnus,REMOVE,Blasts as Thunnus orientalis,coi.lerayxt
GENBANK,1934898100,Thunnus thynnus,REMOVE,Blasts as Thunnus orientalis,coi.lerayxt
GENBANK,1934898160,Thunnus thynnus,REMOVE,Blasts as Thunnus orientalis,coi.lerayxt
GENBANK,1982394390,Mugil cephalus,REMOVE,Sativa: Grouped with Eupercaria/misc,coi.lerayxt
GENBANK,2003947990,Gadus morhua,REMOVE,Bad quality sequence? Blasts only against itself,coi.lerayxt
GENBANK,2003948021,Argyrosomus regius,REMOVE,Blasts as Polyprion americanus,coi.lerayxt
GENBANK,2003948025,Gadus morhua,REMOVE,Wacky sequence very different from others,coi.lerayxt
GENBANK,2003948043,Merluccius merluccius,REMOVE,Sativa: Grouped with Clupeiformes,coi.lerayxt
GENBANK,2003948055,Scomber scombrus,REMOVE,Wacky sequence very different from others,coi.lerayxt
GENBANK,2003948059,Gadus morhua,REMOVE,Wacky sequence very different from others,coi.lerayxt
GENBANK,2003948069,Salmo salar,REMOVE,Wacky sequence very different from others,coi.lerayxt
GENBANK,2003948113,Scophthalmus maximus,REMOVE,Bad quality sequence? Blasts only against itself,coi.lerayxt
GENBANK,2003948152,Dicentrarchus labrax,REMOVE,Wacky sequence very different from others,coi.lerayxt
GENBANK,2003948276,Gadus morhua,REMOVE,Bad quality sequence? Blasts only against itself,coi.lerayxt
GENBANK,2018537043,Merlangius merlangus,REMOVE,Bad quality sequence?,12s.miya
GENBANK,2018537044,Merlangius merlangus,REMOVE,Bad quality sequence?,12s.miya
GENBANK,2018537059,Merlangius merlangus,REMOVE,Bad quality sequence?,12s.miya
GENBANK,2018537073,Ammodytes tobianus,REMOVE,Blasts as Hyperoplus immaculatus & Ammodytes personatus,12s.miya
GENBANK,2018537085,Ammodytes tobianus,REMOVE,Bad quality sequence?,12s.miya
GENBANK,2018537100,Zeus faber,REMOVE,Wacky sequence very different from others,12s.miya
GENBANK,2018537140,Ammodytes tobianus,REMOVE,Blasts as Gymnammodytes semisquamatus,12s.miya
GENBANK,2018537186,Zeus faber,REMOVE,Wacky sequence very different from others,12s.miya
GENBANK,2018537193,Liparis liparis,REMOVE,Bad quality sequence?,12s.miya
GENBANK,2018537260,Liparis montagui,REMOVE,Blasts as Liparis liparis,12s.miya
GENBANK,2019293926,Salmo salar,REMOVE,Sativa: Grouped with Anguilliformes,coi.lerayxt
GENBANK,2019293928,Salmo salar,REMOVE,Sativa: Grouped with Scombriformes,coi.lerayxt
GENBANK,2019293932,Salmo salar,REMOVE,Sativa: Grouped with Scombriformes,coi.lerayxt
GENBANK,2019934261,Salmo salar,REMOVE,Sativa: Grouped with Eupercaria/misc,coi.lerayxt
GENBANK,2020303151,Salvelinus alpinus,REMOVE,Bad quality sequence?,12s.miya
GENBANK,2020303165,Salvelinus alpinus,REMOVE,Bad quality sequence?,12s.miya
GENBANK,2028741877,Liparis liparis,REMOVE,Bad quality sequence?,12s.miya
GENBANK,2028741878,Liparis montagui,REMOVE,Blasts as Liparis agassizii,12s.miya
GENBANK,2028741905,Zoarces viviparus,REMOVE,Blasts as Zoarces elongatus,12s.miya
GENBANK,203284804,Mugil cephalus,REMOVE,Wacky sequence very different from others,12s.miya
GENBANK,2033084618,Diplecogaster bimaculata,REMOVE,Wacky sequence very different from others,coi.lerayxt
GENBANK,2033631743,Salmo trutta,REMOVE,Blasts as Salmo ischchan,12s.miya
GENBANK,2077144526,Trachurus trachurus,REMOVE,Blasts as Trachurus mediterraneus,coi.lerayxt
GENBANK,2095683687,Dicentrarchus labrax,REMOVE,Blasts as Diplodus sargus,coi.lerayxt
GENBANK,2127677514,Salvelinus alpinus,REMOVE,Blasts as Salvelinus curilus & Salvelinus malma,12s.miya
GENBANK,2127677528,Salvelinus alpinus,REMOVE,Blasts as Salvelinus curilus & Salvelinus malma,12s.miya
GENBANK,2127677542,Salvelinus alpinus,REMOVE,Blasts as Salvelinus curilus & Salvelinus malma,12s.miya
GENBANK,2127677556,Salvelinus alpinus,REMOVE,Blasts as Salvelinus curilus & Salvelinus malma,12s.miya
GENBANK,2127677570,Salvelinus alpinus,REMOVE,Bad quality sequence?,12s.miya
GENBANK,2127677584,Salvelinus alpinus,REMOVE,Blasts as Salvelinus curilus & Salvelinus malma,12s.miya
GENBANK,2127677598,Salvelinus alpinus,REMOVE,Bad quality sequence?,12s.miya
GENBANK,2127677612,Salvelinus alpinus,REMOVE,Blasts as Salvelinus curilus & Salvelinus malma,12s.miya
GENBANK,2127677626,Salvelinus alpinus,REMOVE,Bad quality sequence?,12s.miya
GENBANK,2127677640,Salvelinus alpinus,REMOVE,Bad quality sequence?,12s.miya
GENBANK,2127677654,Salvelinus alpinus,REMOVE,Bad quality sequence?,12s.miya
GENBANK,2127677668,Salvelinus alpinus,REMOVE,Bad quality sequence?,12s.miya
GENBANK,2127677682,Salvelinus alpinus,REMOVE,Bad quality sequence?,12s.miya
GENBANK,2127677696,Salvelinus alpinus,REMOVE,Bad quality sequence?,12s.miya
GENBANK,2127677710,Salvelinus alpinus,REMOVE,Bad quality sequence?,12s.miya
GENBANK,2127677724,Salvelinus alpinus,REMOVE,Bad quality sequence?,12s.miya
GENBANK,2127677738,Salvelinus alpinus,REMOVE,Bad quality sequence?,12s.miya
GENBANK,2127677752,Salvelinus alpinus,REMOVE,Bad quality sequence?,12s.miya
GENBANK,2127677766,Salvelinus alpinus,REMOVE,Bad quality sequence?,12s.miya
GENBANK,2127677780,Salvelinus alpinus,REMOVE,Bad quality sequence?,12s.miya
GENBANK,2127677794,Salvelinus alpinus,REMOVE,Blasts as Salvelinus curilus & Salvelinus malma,12s.miya
GENBANK,2127677808,Salvelinus alpinus,REMOVE,Bad quality sequence?,12s.miya
GENBANK,2127677822,Salvelinus alpinus,REMOVE,Bad quality sequence?,12s.miya
GENBANK,2127677836,Salvelinus alpinus,REMOVE,Bad quality sequence?,12s.miya
GENBANK,2127677850,Salvelinus alpinus,REMOVE,Bad quality sequence?,12s.miya
GENBANK,2127677864,Salvelinus alpinus,REMOVE,Bad quality sequence?,12s.miya
GENBANK,2127677878,Salvelinus alpinus,REMOVE,Bad quality sequence?,12s.miya
GENBANK,2127677892,Salvelinus alpinus,REMOVE,Bad quality sequence?,12s.miya
GENBANK,2127677906,Salvelinus alpinus,REMOVE,Blasts as Salvelinus curilus & Salvelinus malma,12s.miya
GENBANK,2127677920,Salvelinus alpinus,REMOVE,Blasts as Salvelinus curilus & Salvelinus malma,12s.miya
GENBANK,2127677934,Salvelinus alpinus,REMOVE,Blasts as Salvelinus curilus & Salvelinus malma,12s.miya
GENBANK,2127677948,Salvelinus alpinus,REMOVE,Blasts as Salvelinus curilus & Salvelinus malma,12s.miya
GENBANK,2127677962,Salvelinus alpinus,REMOVE,Blasts as Salvelinus curilus & Salvelinus malma,12s.miya
GENBANK,2127677976,Salvelinus alpinus,REMOVE,Blasts as Salvelinus curilus & Salvelinus malma,12s.miya
GENBANK,2127677990,Salvelinus alpinus,REMOVE,Blasts as Salvelinus curilus & Salvelinus malma,12s.miya
GENBANK,2127678004,Salvelinus alpinus,REMOVE,Blasts as Salvelinus curilus & Salvelinus malma,12s.miya
GENBANK,2127678018,Salvelinus alpinus,REMOVE,Blasts as Salvelinus curilus & Salvelinus malma,12s.miya
GENBANK,2127678032,Salvelinus alpinus,REMOVE,Blasts as Salvelinus curilus & Salvelinus malma,12s.miya
GENBANK,2127678046,Salvelinus alpinus,REMOVE,Bad quality sequence?,12s.miya
GENBANK,2127678060,Salvelinus alpinus,REMOVE,Bad quality sequence?,12s.miya
GENBANK,2127678074,Salvelinus alpinus,REMOVE,Bad quality sequence?,12s.miya
GENBANK,2127678088,Salvelinus alpinus,REMOVE,Bad quality sequence?,12s.miya
GENBANK,2127678102,Salvelinus alpinus,REMOVE,Bad quality sequence?,12s.miya
GENBANK,2127678116,Salvelinus alpinus,REMOVE,Bad quality sequence?,12s.miya
GENBANK,2127678130,Salvelinus alpinus,REMOVE,Blasts as Salvelinus confluentus,12s.miya
GENBANK,2127678144,Salvelinus alpinus,REMOVE,Bad quality sequence?,12s.miya
GENBANK,2127678158,Salvelinus alpinus,REMOVE,Bad quality sequence?,12s.miya
GENBANK,2127678172,Salvelinus alpinus,REMOVE,Bad quality sequence?,12s.miya
GENBANK,2127678186,Salvelinus alpinus,REMOVE,Bad quality sequence?,12s.miya
GENBANK,2127678200,Salvelinus alpinus,REMOVE,Blasts as Salvelinus curilus & Salvelinus malma,12s.miya
GENBANK,2127678214,Salvelinus alpinus,REMOVE,Blasts as Salvelinus curilus & Salvelinus malma,12s.miya
GENBANK,2127678228,Salvelinus alpinus,REMOVE,Blasts as Salvelinus curilus & Salvelinus malma,12s.miya
GENBANK,2127678242,Salvelinus alpinus,REMOVE,Bad quality sequence?,12s.miya
GENBANK,2127678256,Salvelinus alpinus,REMOVE,Blasts as Salvelinus curilus & Salvelinus malma,12s.miya
GENBANK,2127678270,Salvelinus alpinus,REMOVE,Blasts as Salvelinus curilus & Salvelinus malma,12s.miya
GENBANK,2127678284,Salvelinus alpinus,REMOVE,Bad quality sequence?,12s.miya
GENBANK,2127678298,Salvelinus alpinus,REMOVE,Bad quality sequence?,12s.miya
GENBANK,2127678312,Salvelinus alpinus,REMOVE,Bad quality sequence?,12s.miya
GENBANK,2127678326,Salvelinus alpinus,REMOVE,Bad quality sequence?,12s.miya
GENBANK,2127678340,Salvelinus alpinus,REMOVE,Bad quality sequence?,12s.miya
GENBANK,2127678354,Salvelinus alpinus,REMOVE,Blasts as Salvelinus curilus & Salvelinus malma,12s.miya
GENBANK,2127678368,Salvelinus alpinus,REMOVE,Bad quality sequence?,12s.miya
GENBANK,2127678382,Salvelinus alpinus,REMOVE,Blasts as Salvelinus curilus & Salvelinus malma,12s.miya
GENBANK,2127678396,Salvelinus alpinus,REMOVE,Bad quality sequence?,12s.miya
GENBANK,2127678410,Salvelinus alpinus,REMOVE,Bad quality sequence?,12s.miya
GENBANK,2127678424,Salvelinus alpinus,REMOVE,Bad quality sequence?,12s.miya
GENBANK,2127678438,Salvelinus alpinus,REMOVE,Bad quality sequence?,12s.miya
GENBANK,2127678452,Salvelinus alpinus,REMOVE,Bad quality sequence?,12s.miya
GENBANK,2127678466,Salvelinus alpinus,REMOVE,Bad quality sequence?,12s.miya
GENBANK,2127678480,Salvelinus alpinus,REMOVE,Bad quality sequence?,12s.miya
GENBANK,2127678494,Salvelinus alpinus,REMOVE,Bad quality sequence?,12s.miya
GENBANK,2127678508,Salvelinus alpinus,REMOVE,Bad quality sequence?,12s.miya
GENBANK,2127678522,Salvelinus alpinus,REMOVE,Bad quality sequence?,12s.miya
GENBANK,2127678536,Salvelinus alpinus,REMOVE,Bad quality sequence?,12s.miya
GENBANK,2127678550,Salvelinus alpinus,REMOVE,Bad quality sequence?,12s.miya
GENBANK,2127678564,Salvelinus alpinus,REMOVE,Bad quality sequence?,12s.miya
GENBANK,2127678578,Salvelinus alpinus,REMOVE,Bad quality sequence?,12s.miya
GENBANK,2127678592,Salvelinus alpinus,REMOVE,Blasts as Salvelinus curilus & Salvelinus malma,12s.miya
GENBANK,2127678606,Salvelinus alpinus,REMOVE,Blasts as Salvelinus curilus & Salvelinus malma,12s.miya
GENBANK,2127678620,Salvelinus alpinus,REMOVE,Blasts as Salvelinus curilus & Salvelinus malma,12s.miya
GENBANK,2127678634,Salvelinus alpinus,REMOVE,Blasts as Salvelinus curilus & Salvelinus malma,12s.miya
GENBANK,2127678648,Salvelinus alpinus,REMOVE,Blasts as Salvelinus curilus & Salvelinus malma,12s.miya
GENBANK,2127678662,Salvelinus alpinus,REMOVE,Blasts as Salvelinus curilus & Salvelinus malma,12s.miya
GENBANK,2127678676,Salvelinus alpinus,REMOVE,Blasts as Salvelinus curilus & Salvelinus malma,12s.miya
GENBANK,2127678690,Salvelinus alpinus,REMOVE,Blasts as Salvelinus curilus & Salvelinus malma,12s.miya
GENBANK,2127678704,Salvelinus alpinus,REMOVE,Blasts as Salvelinus curilus & Salvelinus malma,12s.miya
GENBANK,2127678718,Salvelinus alpinus,REMOVE,Blasts as Salvelinus curilus & Salvelinus malma,12s.miya
GENBANK,2127678732,Salvelinus alpinus,REMOVE,Blasts as Salvelinus curilus & Salvelinus malma,12s.miya
GENBANK,2127678746,Salvelinus alpinus,REMOVE,Blasts as Salvelinus curilus & Salvelinus malma,12s.miya
GENBANK,2127678760,Salvelinus alpinus,REMOVE,Blasts as Salvelinus curilus & Salvelinus malma,12s.miya
GENBANK,2127678774,Salvelinus alpinus,REMOVE,Blasts as Salvelinus curilus & Salvelinus malma,12s.miya
GENBANK,2127678788,Salvelinus alpinus,REMOVE,Blasts as Salvelinus curilus & Salvelinus malma,12s.miya
GENBANK,2127678802,Salvelinus alpinus,REMOVE,Blasts as Salvelinus curilus & Salvelinus malma,12s.miya
GENBANK,2127678816,Salvelinus alpinus,REMOVE,Blasts as Salvelinus curilus & Salvelinus malma,12s.miya
GENBANK,2157226368,Salvelinus alpinus,REMOVE,Blasts as Salvelinus levanidovi & Salvelinus malma,12s.miya
GENBANK,2157226371,Salvelinus alpinus,REMOVE,Blasts as Salvelinus levanidovi & Salvelinus malma,12s.miya
GENBANK,2186124791,Salvelinus fontinalis,REMOVE,Wacky sequence very different from others,coi.lerayxt
GENBANK,2186124793,Salmo trutta,REMOVE,Bad quality sequence? Blasts only against itself,coi.lerayxt
GENBANK,2188144254,Nerophis ophidion,REMOVE,Wacky sequence very different from others,12s.miya
GENBANK,2191389025,Salmo salar,REMOVE,Wacky sequence very different from others,coi.lerayxt
GENBANK,2204340,Pholis gunnellus,REMOVE,Wacky sequence very different from others,12s.miya
GENBANK,223646385,Salmo salar,REMOVE,Bad quality sequence? Blasts only against itself,coi.lerayxt
GENBANK,223672232,Salmo salar,REMOVE,Bad quality sequence? Blasts only against itself,coi.lerayxt
GENBANK,2246883903,Pomatoschistus minutus,REMOVE,Blasts as Pomatoschistus marmoratus,coi.lerayxt
GENBANK,2253741123,Salmo trutta,REMOVE,Blasts as Salmo ischchan,12s.miya
GENBANK,2253753407,Gasterosteus aculeatus,REMOVE,Wacky sequence very different from others,coi.lerayxt
GENBANK,2253754910,Salmo trutta,REMOVE,Wacky sequence very different from others,coi.lerayxt
GENBANK,225421139,Mugil cephalus,REMOVE,Sativa: Grouped with Chelon,12s.miya
GENBANK,226975043,Pomatoschistus minutus,REMOVE,Blasts as Pomatoschistus marmoratus,coi.lerayxt
GENBANK,227463833,Merlangius merlangus,REMOVE,Bad quality sequence?,12s.miya
GENBANK,227463859,Pollachius virens,REMOVE,Blasts as Merlangius merlangus & Pollachius pollachius,12s.miya
GENBANK,2279947948,Salvelinus alpinus,REMOVE,Blasts as Salvelinus malma & Salvelinus kuznetzovi,12s.miya
GENBANK,2279947962,Salvelinus alpinus,REMOVE,Blasts as Salvelinus malma & Salvelinus kuznetzovi,12s.miya
GENBANK,2279947976,Salvelinus alpinus,REMOVE,Blasts as Salvelinus curilus & Salvelinus malma,12s.miya
GENBANK,2296348077,Mugil cephalus,REMOVE,Wacky sequence very different from others,12s.miya
GENBANK,2296348078,Mugil cephalus,REMOVE,Wacky sequence very different from others,12s.miya
GENBANK,2370816623,Salmo trutta,REMOVE,Blasts as Salmo ischchan,12s.miya
GENBANK,2370816627,Salmo trutta,REMOVE,Blasts as Salmo ischchan,12s.miya
GENBANK,2370816629,Salmo trutta,REMOVE,Blasts as Salmo ischchan,12s.miya
GENBANK,237847774,Alopias vulpinus,REMOVE,Wacky sequence very different from others,coi.lerayxt
GENBANK,242027502,Alopias vulpinus,REMOVE,Blasts as Alopias superciliosus,coi.lerayxt
GENBANK,242027504,Alopias vulpinus,REMOVE,Blasts as Alopias superciliosus,coi.lerayxt
GENBANK,242027506,Alopias vulpinus,REMOVE,Blasts as Alopias superciliosus,coi.lerayxt
GENBANK,242027508,Alopias vulpinus,REMOVE,Blasts as Alopias superciliosus,coi.lerayxt
GENBANK,2425684678,Salmo trutta,REMOVE,Blasts as Salmo ischchan,12s.miya
GENBANK,2438108561,Spondyliosoma cantharus,REMOVE,Wacky sequence very different from others,coi.lerayxt
GENBANK,2449778098,Diplodus sargus,REMOVE,Blasts as Diplodus kotschyi,coi.lerayxt
GENBANK,2450718744,Mugil cephalus,REMOVE,Bad quality sequence?,coi.lerayxt
GENBANK,2450718748,Mugil cephalus,REMOVE,Bad quality sequence?,coi.lerayxt
GENBANK,2450718751,Mugil cephalus,REMOVE,Bad quality sequence?,coi.lerayxt
GENBANK,2450774383,Mugil cephalus,REMOVE,Blasts as Liza sp.,coi.lerayxt
GENBANK,2456436578,Gadus morhua,REMOVE,Blasts as Gadus chalcogrammus,12s.miya
GENBANK,2486668737,Scomberesox saurus,REMOVE,Blasts as Cololabis saira,12s.miya
GENBANK,2489545462,Chelon ramada,REMOVE,Wacky sequence very different from others,coi.lerayxt
GENBANK,2491776987,Mugil cephalus,REMOVE,Wacky sequence very different from others,12s.miya
GENBANK,2497602175,Mugil cephalus,REMOVE,Blasts as Nemipterus japonicus,coi.lerayxt
GENBANK,251821402,Squalus acanthias,REMOVE,Blasts as Squalus suckleyi,coi.lerayxt
GENBANK,251821436,Squalus acanthias,REMOVE,Blasts as Squalus suckleyi,coi.lerayxt
GENBANK,251821476,Squalus acanthias,REMOVE,Sativa: Grouped with Carcharhiniformes,coi.lerayxt
GENBANK,253326714,Katsuwonus pelamis,REMOVE,Wacky sequence very different from others,coi.lerayxt
GENBANK,2550032075,Spondyliosoma cantharus,REMOVE,Wacky sequence very different from others,coi.lerayxt
GENBANK,2557039429,Mugil cephalus,REMOVE,Wacky sequence very different from others,12s.miya
GENBANK,2557039695,Mugil cephalus,REMOVE,Wacky sequence very different from others,12s.miya
GENBANK,2557039696,Mugil cephalus,REMOVE,Wacky sequence very different from others,12s.miya
GENBANK,2557039918,Mugil cephalus,REMOVE,Wacky sequence very different from others,12s.miya
GENBANK,2557040356,Mugil cephalus,REMOVE,Wacky sequence very different from others,12s.miya
GENBANK,2557040437,Pollachius virens,REMOVE,Blasts as Pollachius pollachius,12s.miya
GENBANK,2592806564,Salmo salar,REMOVE,Wacky sequence very different from others,coi.lerayxt
GENBANK,2592806566,Salmo salar,REMOVE,Wacky sequence very different from others,coi.lerayxt
GENBANK,2592806568,Salmo salar,REMOVE,Wacky sequence very different from others,coi.lerayxt
GENBANK,2592806570,Salmo salar,REMOVE,Wacky sequence very different from others,coi.lerayxt
GENBANK,2592806572,Salmo salar,REMOVE,Wacky sequence very different from others,coi.lerayxt
GENBANK,2592806574,Salmo salar,REMOVE,Wacky sequence very different from others,coi.lerayxt
GENBANK,2592806594,Salmo salar,REMOVE,Wacky sequence very different from others,coi.lerayxt
GENBANK,2592806596,Salmo salar,REMOVE,Wacky sequence very different from others,coi.lerayxt
GENBANK,2592806632,Salmo salar,REMOVE,Wacky sequence very different from others,coi.lerayxt
GENBANK,2592806634,Salmo salar,REMOVE,Wacky sequence very different from others,coi.lerayxt
GENBANK,2592806636,Salmo salar,REMOVE,Wacky sequence very different from others,coi.lerayxt
GENBANK,2592806638,Salmo salar,REMOVE,Wacky sequence very different from others,coi.lerayxt
GENBANK,2592806640,Salmo salar,REMOVE,Wacky sequence very different from others,coi.lerayxt
GENBANK,2592806656,Salmo salar,REMOVE,Wacky sequence very different from others,coi.lerayxt
GENBANK,2592806686,Salmo salar,REMOVE,Wacky sequence very different from others,coi.lerayxt
GENBANK,2592806688,Salmo salar,REMOVE,Wacky sequence very different from others,coi.lerayxt
GENBANK,2592806690,Salmo salar,REMOVE,Wacky sequence very different from others,coi.lerayxt
GENBANK,2592806692,Salmo salar,REMOVE,Wacky sequence very different from others,coi.lerayxt
GENBANK,2592806694,Salmo salar,REMOVE,Wacky sequence very different from others,coi.lerayxt
GENBANK,2592806716,Salmo salar,REMOVE,Wacky sequence very different from others,coi.lerayxt
GENBANK,2592806718,Salmo salar,REMOVE,Wacky sequence very different from others,coi.lerayxt
GENBANK,2592806720,Salmo salar,REMOVE,Wacky sequence very different from others,coi.lerayxt
GENBANK,2592806722,Salmo salar,REMOVE,Wacky sequence very different from others,coi.lerayxt
GENBANK,2592806724,Salmo salar,REMOVE,Wacky sequence very different from others,coi.lerayxt
GENBANK,2592806726,Salmo salar,REMOVE,Wacky sequence very different from others,coi.lerayxt
GENBANK,2592806728,Salmo salar,REMOVE,Wacky sequence very different from others,coi.lerayxt
GENBANK,2592806860,Salmo salar,REMOVE,Wacky sequence very different from others,coi.lerayxt
GENBANK,2592806862,Salmo salar,REMOVE,Wacky sequence very different from others,coi.lerayxt
GENBANK,2592806866,Salmo salar,REMOVE,Wacky sequence very different from others,coi.lerayxt
GENBANK,2592806868,Salmo salar,REMOVE,Wacky sequence very different from others,coi.lerayxt
GENBANK,2592806870,Salmo salar,REMOVE,Wacky sequence very different from others,coi.lerayxt
GENBANK,2592806872,Salmo salar,REMOVE,Wacky sequence very different from others,coi.lerayxt
GENBANK,2592806874,Salmo salar,REMOVE,Wacky sequence very different from others,coi.lerayxt
GENBANK,2592806876,Salmo salar,REMOVE,Wacky sequence very different from others,coi.lerayxt
GENBANK,2592806892,Salmo salar,REMOVE,Wacky sequence very different from others,coi.lerayxt
GENBANK,2592806894,Salmo salar,REMOVE,Wacky sequence very different from others,coi.lerayxt
GENBANK,2592806896,Salmo salar,REMOVE,Wacky sequence very different from others,coi.lerayxt
GENBANK,2592806926,Salmo salar,REMOVE,Wacky sequence very different from others,coi.lerayxt
GENBANK,2592806928,Salmo salar,REMOVE,Wacky sequence very different from others,coi.lerayxt
GENBANK,2592806930,Salmo salar,REMOVE,Wacky sequence very different from others,coi.lerayxt
GENBANK,2592806932,Salmo salar,REMOVE,Wacky sequence very different from others,coi.lerayxt
GENBANK,2592806934,Salmo salar,REMOVE,Wacky sequence very different from others,coi.lerayxt
GENBANK,2592806936,Salmo salar,REMOVE,Wacky sequence very different from others,coi.lerayxt
GENBANK,2592806938,Salmo salar,REMOVE,Wacky sequence very different from others,coi.lerayxt
GENBANK,2592806948,Salmo salar,REMOVE,Wacky sequence very different from others,coi.lerayxt
GENBANK,261343166,Acipenser sturio,REMOVE,Bad quality sequence? Blasts only against itself,coi.lerayxt
GENBANK,2662342323,Salmo trutta,REMOVE,Wacky sequence very different from others,coi.lerayxt
GENBANK,2677153581,Mugil cephalus,REMOVE,Bad quality sequence?,coi.lerayxt
GENBANK,2677153583,Mugil cephalus,REMOVE,Bad quality sequence?,coi.lerayxt
GENBANK,2677153719,Mugil cephalus,REMOVE,Bad quality sequence?,coi.lerayxt
GENBANK,2677154097,Mugil cephalus,REMOVE,Bad quality sequence?,coi.lerayxt
GENBANK,269847992,Thunnus thynnus,REMOVE,Blasts as Thunnus orientalis,coi.lerayxt
GENBANK,269847994,Thunnus thynnus,REMOVE,Blasts as Thunnus alalunga,coi.lerayxt
GENBANK,269848004,Thunnus thynnus,REMOVE,Blasts as Thunnus alalunga,coi.lerayxt
GENBANK,269848006,Thunnus thynnus,REMOVE,Blasts as Thunnus orientalis,coi.lerayxt
GENBANK,2707615693,Zoarces viviparus,REMOVE,Blasts as Zoarces elongatus,12s.miya
GENBANK,2717324528,Salmo salar,REMOVE,Wacky sequence very different from others,coi.lerayxt
GENBANK,2724829064,Zoarces viviparus,REMOVE,Blasts as Zoarces elongatus,12s.miya
GENBANK,2751155962,Pomatoschistus minutus,REMOVE,Blasts as Pomatoschistus marmoratus,coi.lerayxt
GENBANK,2751155977,Pomatoschistus minutus,REMOVE,Blasts as Pomatoschistus marmoratus,coi.lerayxt
GENBANK,2780073366,Salmo trutta,REMOVE,Blasts as Salmo ischchan,coi.lerayxt
GENBANK,2812967780,Salmo salar,REMOVE,Wacky sequence very different from others,12s.miya
GENBANK,282935451,Salmo trutta,REMOVE,Blasts as Salmo ischchan,12s.miya
GENBANK,2843568888,Belone belone,REMOVE,Wacky sequence very different from others,coi.lerayxt
GENBANK,2843568890,Belone belone,REMOVE,Wacky sequence very different from others,coi.lerayxt
GENBANK,2843568892,Belone belone,REMOVE,Wacky sequence very different from others,coi.lerayxt
GENBANK,2843568894,Belone belone,REMOVE,Wacky sequence very different from others,coi.lerayxt
GENBANK,2843568896,Belone belone,REMOVE,Wacky sequence very different from others,coi.lerayxt
GENBANK,289546383,Engraulis encrasicolus,REMOVE,Sativa: Grouped with Scombriformes,coi.lerayxt
GENBANK,2898675538,Mugil cephalus,REMOVE,Wacky sequence very different from others,coi.lerayxt
GENBANK,2898675566,Mugil cephalus,REMOVE,Blasts as Paramugil georgii & Mugil liza,coi.lerayxt
GENBANK,291164060,Mugil cephalus,REMOVE,Blasts as Mugil trichodon & Belonidae sp.,coi.lerayxt
GENBANK,291164062,Mugil cephalus,REMOVE,Blasts as Mugil trichodon & Belonidae sp.,coi.lerayxt
GENBANK,291164064,Mugil cephalus,REMOVE,Blasts as Mugil trichodon & Belonidae sp.,coi.lerayxt
GENBANK,291164066,Mugil cephalus,REMOVE,Blasts as Mugil trichodon & Belonidae sp.,coi.lerayxt
GENBANK,291164068,Mugil cephalus,REMOVE,Blasts as Mugil trichodon & Belonidae sp.,coi.lerayxt
GENBANK,2946713489,Mullus barbatus,REMOVE,Wacky sequence very different from others,coi.lerayxt
GENBANK,296747855,Galeus melastomus,REMOVE,Sativa: Grouped with Squaliformes,coi.lerayxt
GENBANK,296747869,Galeus melastomus,REMOVE,Sativa: Grouped with Scyliorhinidae,coi.lerayxt
GENBANK,296837010,Myliobatis aquila,REMOVE,Wacky sequence very different from others,coi.lerayxt
GENBANK,297524781,Mugil cephalus,REMOVE,Blasts as Mugil trichodon & Belonidae sp.,coi.lerayxt
GENBANK,297524783,Mugil cephalus,REMOVE,Blasts as Mugil trichodon & Belonidae sp.,coi.lerayxt
GENBANK,2989752345,Euthynnus alletteratus,REMOVE,Wacky sequence very different from others,coi.lerayxt
GENBANK,2994718434,Myxine glutinosa,REMOVE,Blasts as Myxine limosa,coi.lerayxt
GENBANK,3004782319,Mugil cephalus,REMOVE,Blasts as Planiliza tade & Liza sp.,coi.lerayxt
GENBANK,3040659606,Salmo trutta,REMOVE,Blasts as Salmo ischchan,coi.lerayxt
GENBANK,3071570953,Diplecogaster bimaculata,REMOVE,Bad quality sequence? Blasts only against itself,coi.lerayxt
GENBANK,307341802,Chelidonichthys lastoviza,REMOVE,Wacky sequence very different from others,coi.lerayxt
GENBANK,307341812,Chelidonichthys lastoviza,REMOVE,Blasts as Chelidonichthys lucerna,coi.lerayxt
GENBANK,307341814,Chelidonichthys lastoviza,REMOVE,Sativa: Nested in a cluster of Chelidonichthys lucerna,coi.lerayxt
GENBANK,307342146,Boops boops,REMOVE,Wacky sequence very different from others,coi.lerayxt
GENBANK,307342148,Boops boops,REMOVE,Blasts as Sarpa salpa,coi.lerayxt
GENBANK,307639816,Engraulis encrasicolus,REMOVE,Sativa: Grouped with Scombriformes,coi.lerayxt
GENBANK,307640021,Salvelinus alpinus,REMOVE,Blasts as Salvelinus curilus & Salvelinus malma,12s.miya
GENBANK,308321069,Alopias vulpinus,REMOVE,Bad quality sequence? Blasts only against itself,coi.lerayxt
GENBANK,3113904375,Callionymus reticulatus,REMOVE,Blasts as Scomber japonicus & Scomber australasicus,12s.miya
GENBANK,311981876,Mugil cephalus,REMOVE,Blasts as Mugil trichodon & Belonidae sp.,coi.lerayxt
GENBANK,311981878,Mugil cephalus,REMOVE,Blasts as Mugil trichodon & Belonidae sp.,coi.lerayxt
GENBANK,311981880,Mugil cephalus,REMOVE,Blasts as Mugil trichodon & Belonidae sp.,coi.lerayxt
GENBANK,311981884,Mugil cephalus,REMOVE,Blasts as Mugil trichodon & Belonidae sp.,coi.lerayxt
GENBANK,311981906,Mugil cephalus,REMOVE,Blasts as Mugil trichodon & Belonidae sp.,coi.lerayxt
GENBANK,311981908,Mugil cephalus,REMOVE,Blasts as Mugil trichodon & Belonidae sp.,coi.lerayxt
GENBANK,311981910,Mugil cephalus,REMOVE,Blasts as Mugil trichodon & Belonidae sp.,coi.lerayxt
GENBANK,311981912,Mugil cephalus,REMOVE,Blasts as Mugil trichodon & Belonidae sp.,coi.lerayxt
GENBANK,311981914,Mugil cephalus,REMOVE,Blasts as Mugil trichodon & Belonidae sp.,coi.lerayxt
GENBANK,312932705,Lampetra fluviatilis,REMOVE,Blasts as Lampetra planeri,coi.lerayxt
GENBANK,312932707,Lampetra fluviatilis,REMOVE,Blasts as Lampetra planeri,coi.lerayxt
GENBANK,317423478,Pollachius virens,REMOVE,Blasts as Pollachius pollachius,12s.miya
GENBANK,321118775,Anguilla anguilla,REMOVE,Blasts as Anguilla rostrata,coi.lerayxt
GENBANK,321119081,Anguilla anguilla,REMOVE,Blasts as Anguilla rostrata,coi.lerayxt
GENBANK,321402336,Myoxocephalus scorpius,REMOVE,Wacky sequence very different from others,coi.lerayxt
GENBANK,322422606,Pollachius virens,REMOVE,Blasts as Pollachius pollachius,12s.miya
GENBANK,32364332,Sardina pilchardus,REMOVE,Wacky sequence very different from others,12s.miya
GENBANK,325556673,Scyliorhinus stellaris,REMOVE,Sativa: Nested in a cluster of Scyliorhinus canicula,coi.lerayxt
GENBANK,325556681,Squalus acanthias,REMOVE,Wacky sequence very different from others,coi.lerayxt
GENBANK,325556683,Squalus acanthias,REMOVE,Wacky sequence very different from others,coi.lerayxt
GENBANK,325556685,Squalus acanthias,REMOVE,Wacky sequence very different from others,coi.lerayxt
GENBANK,325556687,Squalus acanthias,REMOVE,Wacky sequence very different from others,coi.lerayxt
GENBANK,325556689,Squalus acanthias,REMOVE,Wacky sequence very different from others,coi.lerayxt
GENBANK,325556691,Squalus acanthias,REMOVE,Wacky sequence very different from others,coi.lerayxt
GENBANK,325556693,Squalus acanthias,REMOVE,Wacky sequence very different from others,coi.lerayxt
GENBANK,325556701,Leucoraja naevus,REMOVE,Sativa: Grouped with Raja,coi.lerayxt
GENBANK,328485208,Diplodus sargus,REMOVE,Wacky sequence very different from others,coi.lerayxt
GENBANK,328486316,Myliobatis aquila,REMOVE,Wacky sequence very different from others,coi.lerayxt
GENBANK,328487756,Syngnathus acus,REMOVE,Wacky sequence very different from others,coi.lerayxt
GENBANK,328487904,Trachurus trachurus,REMOVE,Blasts as Trachurus lathami,coi.lerayxt
GENBANK,328487906,Trachurus trachurus,REMOVE,Blasts as Trachurus lathami,coi.lerayxt
GENBANK,328487908,Trachurus trachurus,REMOVE,Blasts as Trachurus lathami,coi.lerayxt
GENBANK,328487910,Trachurus trachurus,REMOVE,Wacky sequence very different from others,coi.lerayxt
GENBANK,328487926,Chelidonichthys lastoviza,REMOVE,Wacky sequence very different from others,coi.lerayxt
GENBANK,328487928,Chelidonichthys lastoviza,REMOVE,Wacky sequence very different from others,coi.lerayxt
GENBANK,328487930,Chelidonichthys lastoviza,REMOVE,Wacky sequence very different from others,coi.lerayxt
GENBANK,328487932,Chelidonichthys lastoviza,REMOVE,Wacky sequence very different from others,coi.lerayxt
GENBANK,328487934,Chelidonichthys lastoviza,REMOVE,Wacky sequence very different from others,coi.lerayxt
GENBANK,328487936,Chelidonichthys lastoviza,REMOVE,Wacky sequence very different from others,coi.lerayxt
GENBANK,328487938,Chelidonichthys lastoviza,REMOVE,Wacky sequence very different from others,coi.lerayxt
GENBANK,328487940,Chelidonichthys lastoviza,REMOVE,Wacky sequence very different from others,coi.lerayxt
GENBANK,328797397,Pomatoschistus minutus,REMOVE,Blasts as Pomatoschistus marmoratus,coi.lerayxt
GENBANK,332886573,Chelon ramada,REMOVE,Sativa: Nested in a cluster of Chelon auratus,coi.lerayxt
GENBANK,332886583,Chelon ramada,REMOVE,Wacky sequence very different from others,coi.lerayxt
GENBANK,339431652,Mugil cephalus,REMOVE,Sativa: Grouped with Carangiformes,coi.lerayxt
GENBANK,339431654,Mugil cephalus,REMOVE,Sativa: Grouped with Carangiformes,coi.lerayxt
GENBANK,339635599,Mugil cephalus,REMOVE,Wacky sequence very different from others,coi.lerayxt
GENBANK,339635601,Mugil cephalus,REMOVE,Wacky sequence very different from others,coi.lerayxt
GENBANK,339770201,Lampetra fluviatilis,REMOVE,Blasts as Lampetra planeri,coi.lerayxt
GENBANK,343404099,Labrus mixtus,REMOVE,Wacky sequence very different from others,coi.lerayxt
BOLD,347978044,Amblyraja radiata,REMOVE,Wacky sequence very different from others,coi.lerayxt
GENBANK,347978072,Amblyraja radiata,REMOVE,Blasts as Leucoraja garmani & Malacoraja senta,coi.lerayxt
GENBANK,359817548,Squalus acanthias,REMOVE,Wacky sequence very different from others,coi.lerayxt
GENBANK,359817550,Squalus acanthias,REMOVE,Wacky sequence very different from others,coi.lerayxt
GENBANK,359817552,Squalus acanthias,REMOVE,Blasts as Squalus blainville,coi.lerayxt
GENBANK,359817554,Squalus acanthias,REMOVE,Blasts as Squalus blainville,coi.lerayxt
GENBANK,359817556,Squalus acanthias,REMOVE,Wacky sequence very different from others,coi.lerayxt
GENBANK,378554491,Salmo salar,REMOVE,Wacky sequence very different from others,12s.miya
GENBANK,381282115,Chelon ramada,REMOVE,Wacky sequence very different from others,coi.lerayxt
GENBANK,381282277,Mugil cephalus,REMOVE,Wacky sequence very different from others,coi.lerayxt
GENBANK,381282279,Mugil cephalus,REMOVE,Wacky sequence very different from others,coi.lerayxt
GENBANK,384369551,Lamna nasus,REMOVE,Sativa: Grouped with Alopiidae,coi.lerayxt
GENBANK,384369555,Alopias vulpinus,REMOVE,Blasts as Carcharhinus obscurus & Carcharhinus galapagensis,coi.lerayxt
GENBANK,384369559,Cetorhinus maximus,REMOVE,Sativa: Grouped with Alopiidae,coi.lerayxt
GENBANK,384371926,Raja clavata,REMOVE,Blasts as Raja maderensis,coi.lerayxt
GENBANK,392973827,Dipturus batis,REMOVE,Blasts as Dipturus intermedia & Dipturus intermedius,coi.lerayxt
GENBANK,392974160,Raja clavata,REMOVE,Blasts as Raja maderensis,coi.lerayxt
GENBANK,392974252,Spondyliosoma cantharus,REMOVE,Wacky sequence very different from others,coi.lerayxt
GENBANK,392974254,Spondyliosoma cantharus,REMOVE,Wacky sequence very different from others,coi.lerayxt
GENBANK,392974256,Spondyliosoma cantharus,REMOVE,Wacky sequence very different from others,coi.lerayxt
GENBANK,392974258,Spondyliosoma cantharus,REMOVE,Wacky sequence very different from others,coi.lerayxt
GENBANK,392974260,Spondyliosoma cantharus,REMOVE,Wacky sequence very different from others,coi.lerayxt
GENBANK,392974410,Diplodus sargus,REMOVE,Blasts as Diplodus vulgaris,coi.lerayxt
GENBANK,392974611,Spondyliosoma cantharus,REMOVE,Wacky sequence very different from others,coi.lerayxt
GENBANK,392974613,Spondyliosoma cantharus,REMOVE,Wacky sequence very different from others,coi.lerayxt
GENBANK,392974615,Spondyliosoma cantharus,REMOVE,Wacky sequence very different from others,coi.lerayxt
GENBANK,392974617,Spondyliosoma cantharus,REMOVE,Wacky sequence very different from others,coi.lerayxt
GENBANK,392974619,Spondyliosoma cantharus,REMOVE,Wacky sequence very different from others,coi.lerayxt
GENBANK,392974783,Diplodus sargus,REMOVE,Blasts as Diplodus vulgaris,coi.lerayxt
GENBANK,392975021,Spondyliosoma cantharus,REMOVE,Wacky sequence very different from others,coi.lerayxt
GENBANK,392975023,Spondyliosoma cantharus,REMOVE,Wacky sequence very different from others,coi.lerayxt
GENBANK,392975025,Spondyliosoma cantharus,REMOVE,Wacky sequence very different from others,coi.lerayxt
GENBANK,392975027,Spondyliosoma cantharus,REMOVE,Wacky sequence very different from others,coi.lerayxt
GENBANK,392975029,Spondyliosoma cantharus,REMOVE,Wacky sequence very different from others,coi.lerayxt
GENBANK,392975031,Spondyliosoma cantharus,REMOVE,Wacky sequence very different from others,coi.lerayxt
GENBANK,399765387,Mugil cephalus,REMOVE,Sativa: Grouped with Chelon,coi.lerayxt
GENBANK,399765389,Mugil cephalus,REMOVE,Sativa: Grouped with Chelon,coi.lerayxt
GENBANK,399765391,Mugil cephalus,REMOVE,Sativa: Grouped with Chelon,coi.lerayxt
GENBANK,399765393,Mugil cephalus,REMOVE,Sativa: Grouped with Chelon,coi.lerayxt
GENBANK,399765395,Mugil cephalus,REMOVE,Sativa: Grouped with Chelon,coi.lerayxt
GENBANK,407315768,Mugil cephalus,REMOVE,Wacky sequence very different from others,coi.lerayxt
GENBANK,407315770,Mugil cephalus,REMOVE,Wacky sequence very different from others,coi.lerayxt
GENBANK,448258832,Diplodus sargus,REMOVE,Blasts as Dicentrarchus labrax,coi.lerayxt
GENBANK,448258834,Diplodus sargus,REMOVE,Blasts as Dicentrarchus labrax,coi.lerayxt
GENBANK,448258836,Diplodus sargus,REMOVE,Blasts as Dicentrarchus labrax,coi.lerayxt
GENBANK,448258840,Diplodus sargus,REMOVE,Blasts as Dicentrarchus labrax,coi.lerayxt
GENBANK,448258842,Diplodus sargus,REMOVE,Blasts as Dicentrarchus labrax,coi.lerayxt
GENBANK,459141477,Dicentrarchus labrax,REMOVE,Wacky sequence very different from others,coi.lerayxt
GENBANK,460282677,Diplodus sargus,REMOVE,Wacky sequence very different from others,coi.lerayxt
GENBANK,460282989,Sparus aurata,REMOVE,Wacky sequence very different from others,coi.lerayxt
GENBANK,460283033,Sparus aurata,REMOVE,Sativa: Grouped with Diplodus,coi.lerayxt
GENBANK,460283071,Sparus aurata,REMOVE,Sativa: Grouped with Diplodus,coi.lerayxt
GENBANK,460283151,Sparus aurata,REMOVE,Sativa: Grouped with Carangiformes,coi.lerayxt
GENBANK,460283153,Sparus aurata,REMOVE,Sativa: Grouped with Carangiformes,coi.lerayxt
GENBANK,460418954,Dicentrarchus labrax,REMOVE,Blasts as Diplodus sargus,coi.lerayxt
GENBANK,460418956,Dicentrarchus labrax,REMOVE,Blasts as Diplodus sargus,coi.lerayxt
GENBANK,460418958,Dicentrarchus labrax,REMOVE,Blasts as Diplodus sargus,coi.lerayxt
GENBANK,460418960,Dicentrarchus labrax,REMOVE,Blasts as Diplodus sargus,coi.lerayxt
GENBANK,460418962,Dicentrarchus labrax,REMOVE,Blasts as Diplodus sargus,coi.lerayxt
GENBANK,460418964,Dicentrarchus labrax,REMOVE,Blasts as Diplodus sargus,coi.lerayxt
GENBANK,460418966,Dicentrarchus labrax,REMOVE,Blasts as Diplodus sargus,coi.lerayxt
GENBANK,460418968,Dicentrarchus labrax,REMOVE,Blasts as Diplodus sargus,coi.lerayxt
GENBANK,460418970,Dicentrarchus labrax,REMOVE,Blasts as Diplodus sargus,coi.lerayxt
GENBANK,460418972,Dicentrarchus labrax,REMOVE,Blasts as Diplodus sargus,coi.lerayxt
GENBANK,460418974,Dicentrarchus labrax,REMOVE,Blasts as Diplodus sargus,coi.lerayxt
GENBANK,460418976,Dicentrarchus labrax,REMOVE,Blasts as Diplodus sargus,coi.lerayxt
GENBANK,460418978,Dicentrarchus labrax,REMOVE,Blasts as Diplodus sargus,coi.lerayxt
GENBANK,460418980,Dicentrarchus labrax,REMOVE,Blasts as Diplodus sargus,coi.lerayxt
GENBANK,460418982,Dicentrarchus labrax,REMOVE,Blasts as Diplodus sargus,coi.lerayxt
GENBANK,460418984,Dicentrarchus labrax,REMOVE,Blasts as Diplodus sargus,coi.lerayxt
GENBANK,460418986,Dicentrarchus labrax,REMOVE,Blasts as Diplodus sargus,coi.lerayxt
GENBANK,460418988,Dicentrarchus labrax,REMOVE,Blasts as Diplodus sargus,coi.lerayxt
GENBANK,460418990,Dicentrarchus labrax,REMOVE,Blasts as Diplodus sargus,coi.lerayxt
GENBANK,460418992,Dicentrarchus labrax,REMOVE,Blasts as Diplodus sargus,coi.lerayxt
GENBANK,4929507,Pollachius virens,REMOVE,Blasts as Pollachius pollachius,12s.miya
GENBANK,4929512,Zeus faber,REMOVE,Wacky sequence very different from others,12s.miya
GENBANK,5257523,Salvelinus alpinus,REMOVE,Blasts as Salvelinus curilus & Salvelinus malma,12s.miya
GENBANK,54423817,Squalus acanthias,REMOVE,Wacky sequence very different from others,coi.lerayxt
GENBANK,55956570,Merlangius merlangus,REMOVE,Bad quality sequence?,12s.miya
GENBANK,56698760,Pollachius virens,REMOVE,Blasts as Pollachius pollachius,12s.miya
GENBANK,577027873,Thunnus thynnus,REMOVE,Blasts as Thunnus orientalis & Thunnus maccoyii,12s.miya
GENBANK,5835904,Salvelinus alpinus,REMOVE,Blasts as Salvelinus curilus & Salvelinus malma,12s.miya
GENBANK,584296341,Myxine glutinosa,REMOVE,Blasts as Myxine limosa,coi.lerayxt
GENBANK,594019068,Spondyliosoma cantharus,REMOVE,Wacky sequence very different from others,coi.lerayxt
GENBANK,606240491,Spondyliosoma cantharus,REMOVE,Wacky sequence very different from others,coi.lerayxt
GENBANK,607345615,Dipturus batis,REMOVE,Blasts as Dipturus intermedius,coi.lerayxt
GENBANK,610494456,Pungitius laevis,REMOVE,Blasts as Pungitius pungitius,coi.lerayxt
GENBANK,610494717,Pungitius laevis,REMOVE,Blasts as Pungitius pungitius,coi.lerayxt
GENBANK,651209096,Pomatoschistus microps,REMOVE,Blasts as Pomatoschistus minutus,coi.lerayxt
GENBANK,651209098,Pomatoschistus microps,REMOVE,Blasts as Pomatoschistus minutus,coi.lerayxt
GENBANK,661414490,Mugil cephalus,REMOVE,Blasts as Mugil rubrioculus & Mugil liza,12s.miya
GENBANK,66864728,Melanogrammus aeglefinus,REMOVE,Blasts as Gadus morhua & Merlangius merlangus,12s.miya
GENBANK,670609140,Mugil cephalus,REMOVE,Wacky sequence very different from others,coi.lerayxt
GENBANK,672918342,Belone belone,REMOVE,Wacky sequence very different from others,coi.lerayxt
GENBANK,672918459,Pegusa lascaris,REMOVE,Bad quality sequence? Blasts only against itself,coi.lerayxt
GENBANK,672918476,Pomatoschistus microps,REMOVE,Blasts as Pomatoschistus minutus,coi.lerayxt
GENBANK,672918478,Pomatoschistus microps,REMOVE,Blasts as Pomatoschistus minutus,coi.lerayxt
GENBANK,672918480,Pomatoschistus microps,REMOVE,Blasts as Pomatoschistus minutus,coi.lerayxt
GENBANK,674652911,Raja clavata,REMOVE,Wacky sequence very different from others,coi.lerayxt
GENBANK,674653026,Syngnathus acus,REMOVE,Blasts as Syngnathus typhle,coi.lerayxt
GENBANK,674781199,Echinorhinus brucus,REMOVE,Wacky sequence very different from others,coi.lerayxt
GENBANK,694174252,Crystallogobius linearis,REMOVE,Wacky sequence very different from others,coi.lerayxt
GENBANK,694174302,Pomatoschistus microps,REMOVE,Blasts as Pomatoschistus minutus,coi.lerayxt
GENBANK,694174304,Pomatoschistus microps,REMOVE,Blasts as Pomatoschistus minutus,coi.lerayxt
GENBANK,694174306,Pomatoschistus microps,REMOVE,Blasts as Pomatoschistus minutus,coi.lerayxt
GENBANK,694174310,Pomatoschistus microps,REMOVE,Blasts as Pomatoschistus minutus,coi.lerayxt
GENBANK,694174312,Pomatoschistus microps,REMOVE,Blasts as Pomatoschistus minutus,coi.lerayxt
GENBANK,694174314,Pomatoschistus microps,REMOVE,Blasts as Pomatoschistus minutus,coi.lerayxt
GENBANK,697737158,Lampetra fluviatilis,REMOVE,Blasts as Lampetra planeri,coi.lerayxt
GENBANK,733370907,Mugil cephalus,REMOVE,Blasts as Mugil rubrioculus & Mugil liza,12s.miya
GENBANK,74310491,Melanogrammus aeglefinus,REMOVE,Blasts as Gadus morhua & Merlangius merlangus,12s.miya
BOLD,772182108,Gadus morhua,REMOVE,Blasts as Gadus macrocephalus,coi.lerayxt
GENBANK,786321615,Mullus barbatus,REMOVE,Wacky sequence very different from others,coi.lerayxt
GENBANK,815937295,Squalus acanthias,REMOVE,Wacky sequence very different from others,coi.lerayxt
GENBANK,815937297,Squalus acanthias,REMOVE,Wacky sequence very different from others,coi.lerayxt
GENBANK,815937299,Squalus acanthias,REMOVE,Wacky sequence very different from others,coi.lerayxt
GENBANK,815937301,Squalus acanthias,REMOVE,Wacky sequence very different from others,coi.lerayxt
GENBANK,815937303,Squalus acanthias,REMOVE,Wacky sequence very different from others,coi.lerayxt
GENBANK,815937305,Squalus acanthias,REMOVE,Wacky sequence very different from others,coi.lerayxt
GENBANK,815937307,Squalus acanthias,REMOVE,Wacky sequence very different from others,coi.lerayxt
GENBANK,820832224,Gasterosteus aculeatus,REMOVE,Wacky sequence very different from others,coi.lerayxt
GENBANK,821091563,Pollachius virens,REMOVE,Blasts as Pollachius pollachius,12s.miya
GENBANK,821091564,Pollachius virens,REMOVE,Blasts as Pollachius pollachius,12s.miya
GENBANK,821091567,Merlangius merlangus,REMOVE,Bad quality sequence?,12s.miya
GENBANK,83672525,Petromyzon marinus,REMOVE,Wacky sequence very different from others,coi.lerayxt
GENBANK,83672538,Petromyzon marinus,REMOVE,Wacky sequence very different from others,coi.lerayxt
GENBANK,83672758,Petromyzon marinus,REMOVE,Wacky sequence very different from others,coi.lerayxt
GENBANK,84117740,Platichthys flesus,REMOVE,Wacky sequence very different from others,coi.lerayxt
GENBANK,85060691,Petromyzon marinus,REMOVE,Wacky sequence very different from others,coi.lerayxt
GENBANK,85060696,Petromyzon marinus,REMOVE,Wacky sequence very different from others,coi.lerayxt
GENBANK,85060732,Petromyzon marinus,REMOVE,Wacky sequence very different from others,coi.lerayxt
GENBANK,85060737,Petromyzon marinus,REMOVE,Wacky sequence very different from others,coi.lerayxt
GENBANK,85060878,Petromyzon marinus,REMOVE,Wacky sequence very different from others,coi.lerayxt
GENBANK,85061020,Petromyzon marinus,REMOVE,Wacky sequence very different from others,coi.lerayxt
GENBANK,85061026,Petromyzon marinus,REMOVE,Wacky sequence very different from others,coi.lerayxt
GENBANK,85061115,Petromyzon marinus,REMOVE,Wacky sequence very different from others,coi.lerayxt
GENBANK,85061200,Petromyzon marinus,REMOVE,Wacky sequence very different from others,coi.lerayxt
GENBANK,85061299,Petromyzon marinus,REMOVE,Wacky sequence very different from others,coi.lerayxt
GENBANK,85061300,Petromyzon marinus,REMOVE,Wacky sequence very different from others,coi.lerayxt
GENBANK,85061332,Petromyzon marinus,REMOVE,Wacky sequence very different from others,coi.lerayxt
GENBANK,85061361,Petromyzon marinus,REMOVE,Wacky sequence very different from others,coi.lerayxt
GENBANK,85061364,Petromyzon marinus,REMOVE,Wacky sequence very different from others,coi.lerayxt
GENBANK,85061460,Petromyzon marinus,REMOVE,Wacky sequence very different from others,coi.lerayxt
GENBANK,85061543,Petromyzon marinus,REMOVE,Wacky sequence very different from others,coi.lerayxt
GENBANK,85061548,Petromyzon marinus,REMOVE,Wacky sequence very different from others,coi.lerayxt
GENBANK,85061568,Petromyzon marinus,REMOVE,Wacky sequence very different from others,coi.lerayxt
GENBANK,85061574,Petromyzon marinus,REMOVE,Wacky sequence very different from others,coi.lerayxt
GENBANK,85061591,Petromyzon marinus,REMOVE,Wacky sequence very different from others,coi.lerayxt
GENBANK,85061630,Petromyzon marinus,REMOVE,Wacky sequence very different from others,coi.lerayxt
GENBANK,85061738,Petromyzon marinus,REMOVE,Wacky sequence very different from others,coi.lerayxt
GENBANK,85061743,Petromyzon marinus,REMOVE,Wacky sequence very different from others,coi.lerayxt
GENBANK,85061748,Petromyzon marinus,REMOVE,Wacky sequence very different from others,coi.lerayxt
GENBANK,85061760,Petromyzon marinus,REMOVE,Wacky sequence very different from others,coi.lerayxt
GENBANK,85061768,Petromyzon marinus,REMOVE,Wacky sequence very different from others,coi.lerayxt
GENBANK,85061778,Petromyzon marinus,REMOVE,Wacky sequence very different from others,coi.lerayxt
GENBANK,85061827,Petromyzon marinus,REMOVE,Wacky sequence very different from others,coi.lerayxt
GENBANK,85061842,Petromyzon marinus,REMOVE,Wacky sequence very different from others,coi.lerayxt
GENBANK,85061895,Petromyzon marinus,REMOVE,Wacky sequence very different from others,coi.lerayxt
GENBANK,851779389,Mugil cephalus,REMOVE,Wacky sequence very different from others,12s.miya
GENBANK,86585229,Petromyzon marinus,REMOVE,Wacky sequence very different from others,coi.lerayxt
GENBANK,86585257,Petromyzon marinus,REMOVE,Wacky sequence very different from others,coi.lerayxt
GENBANK,86585291,Petromyzon marinus,REMOVE,Wacky sequence very different from others,coi.lerayxt
GENBANK,86585307,Petromyzon marinus,REMOVE,Wacky sequence very different from others,coi.lerayxt
GENBANK,86585381,Petromyzon marinus,REMOVE,Wacky sequence very different from others,coi.lerayxt
GENBANK,86585416,Petromyzon marinus,REMOVE,Wacky sequence very different from others,coi.lerayxt
GENBANK,86585432,Petromyzon marinus,REMOVE,Wacky sequence very different from others,coi.lerayxt
GENBANK,86585438,Petromyzon marinus,REMOVE,Wacky sequence very different from others,coi.lerayxt
GENBANK,86585450,Petromyzon marinus,REMOVE,Wacky sequence very different from others,coi.lerayxt
GENBANK,86585460,Petromyzon marinus,REMOVE,Wacky sequence very different from others,coi.lerayxt
GENBANK,86585466,Petromyzon marinus,REMOVE,Wacky sequence very different from others,coi.lerayxt
GENBANK,86585476,Petromyzon marinus,REMOVE,Wacky sequence very different from others,coi.lerayxt
GENBANK,86585503,Petromyzon marinus,REMOVE,Wacky sequence very different from others,coi.lerayxt
GENBANK,86585530,Petromyzon marinus,REMOVE,Wacky sequence very different from others,coi.lerayxt
GENBANK,86585550,Petromyzon marinus,REMOVE,Wacky sequence very different from others,coi.lerayxt
GENBANK,86585620,Petromyzon marinus,REMOVE,Wacky sequence very different from others,coi.lerayxt
GENBANK,86585696,Petromyzon marinus,REMOVE,Wacky sequence very different from others,coi.lerayxt
GENBANK,86585882,Petromyzon marinus,REMOVE,Wacky sequence very different from others,coi.lerayxt
GENBANK,86585916,Petromyzon marinus,REMOVE,Wacky sequence very different from others,coi.lerayxt
GENBANK,86585940,Petromyzon marinus,REMOVE,Wacky sequence very different from others,coi.lerayxt
GENBANK,86586041,Petromyzon marinus,REMOVE,Wacky sequence very different from others,coi.lerayxt
GENBANK,86588494,Petromyzon marinus,REMOVE,Wacky sequence very different from others,coi.lerayxt
GENBANK,86590465,Petromyzon marinus,REMOVE,Wacky sequence very different from others,coi.lerayxt
GENBANK,86590474,Petromyzon marinus,REMOVE,Wacky sequence very different from others,coi.lerayxt
GENBANK,86590486,Petromyzon marinus,REMOVE,Wacky sequence very different from others,coi.lerayxt
GENBANK,86590509,Petromyzon marinus,REMOVE,Wacky sequence very different from others,coi.lerayxt
GENBANK,86590568,Petromyzon marinus,REMOVE,Wacky sequence very different from others,coi.lerayxt
GENBANK,86590579,Petromyzon marinus,REMOVE,Wacky sequence very different from others,coi.lerayxt
GENBANK,874474386,Pleuronectes platessa,REMOVE,Blasts as Pangasianodon hypophthalmus & Pangasius bocourti,coi.lerayxt
GENBANK,90142165,Petromyzon marinus,REMOVE,Wacky sequence very different from others,coi.lerayxt
GENBANK,90142932,Petromyzon marinus,REMOVE,Wacky sequence very different from others,coi.lerayxt
GENBANK,90144131,Petromyzon marinus,REMOVE,Wacky sequence very different from others,coi.lerayxt
GENBANK,90144145,Petromyzon marinus,REMOVE,Wacky sequence very different from others,coi.lerayxt
GENBANK,90144181,Petromyzon marinus,REMOVE,Wacky sequence very different from others,coi.lerayxt
GENBANK,90144218,Petromyzon marinus,REMOVE,Wacky sequence very different from others,coi.lerayxt
GENBANK,90144221,Petromyzon marinus,REMOVE,Wacky sequence very different from others,coi.lerayxt
GENBANK,90144224,Petromyzon marinus,REMOVE,Wacky sequence very different from others,coi.lerayxt
GENBANK,90144244,Petromyzon marinus,REMOVE,Wacky sequence very different from others,coi.lerayxt
GENBANK,90144257,Petromyzon marinus,REMOVE,Wacky sequence very different from others,coi.lerayxt
GENBANK,90144258,Petromyzon marinus,REMOVE,Wacky sequence very different from others,coi.lerayxt
GENBANK,90144406,Petromyzon marinus,REMOVE,Wacky sequence very different from others,coi.lerayxt
GENBANK,90144420,Petromyzon marinus,REMOVE,Wacky sequence very different from others,coi.lerayxt
GENBANK,90144427,Petromyzon marinus,REMOVE,Wacky sequence very different from others,coi.lerayxt
GENBANK,90144443,Petromyzon marinus,REMOVE,Wacky sequence very different from others,coi.lerayxt
GENBANK,90144475,Petromyzon marinus,REMOVE,Wacky sequence very different from others,coi.lerayxt
GENBANK,90144500,Petromyzon marinus,REMOVE,Wacky sequence very different from others,coi.lerayxt
GENBANK,90144527,Petromyzon marinus,REMOVE,Wacky sequence very different from others,coi.lerayxt
GENBANK,90144541,Petromyzon marinus,REMOVE,Wacky sequence very different from others,coi.lerayxt
GENBANK,90144565,Petromyzon marinus,REMOVE,Wacky sequence very different from others,coi.lerayxt
GENBANK,90144570,Petromyzon marinus,REMOVE,Wacky sequence very different from others,coi.lerayxt
GENBANK,90144577,Petromyzon marinus,REMOVE,Wacky sequence very different from others,coi.lerayxt
GENBANK,90144583,Petromyzon marinus,REMOVE,Wacky sequence very different from others,coi.lerayxt
GENBANK,90144596,Petromyzon marinus,REMOVE,Wacky sequence very different from others,coi.lerayxt
GENBANK,90144599,Petromyzon marinus,REMOVE,Wacky sequence very different from others,coi.lerayxt
GENBANK,90144602,Petromyzon marinus,REMOVE,Wacky sequence very different from others,coi.lerayxt
GENBANK,90144662,Petromyzon marinus,REMOVE,Wacky sequence very different from others,coi.lerayxt
GENBANK,90144676,Petromyzon marinus,REMOVE,Wacky sequence very different from others,coi.lerayxt
GENBANK,90144679,Petromyzon marinus,REMOVE,Wacky sequence very different from others,coi.lerayxt
GENBANK,90144707,Petromyzon marinus,REMOVE,Wacky sequence very different from others,coi.lerayxt
GENBANK,90144708,Petromyzon marinus,REMOVE,Wacky sequence very different from others,coi.lerayxt
GENBANK,90144709,Petromyzon marinus,REMOVE,Wacky sequence very different from others,coi.lerayxt
GENBANK,90144711,Petromyzon marinus,REMOVE,Wacky sequence very different from others,coi.lerayxt
GENBANK,90144717,Petromyzon marinus,REMOVE,Wacky sequence very different from others,coi.lerayxt
GENBANK,90144730,Petromyzon marinus,REMOVE,Wacky sequence very different from others,coi.lerayxt
GENBANK,90144732,Petromyzon marinus,REMOVE,Wacky sequence very different from others,coi.lerayxt
GENBANK,90144733,Petromyzon marinus,REMOVE,Wacky sequence very different from others,coi.lerayxt
GENBANK,90144736,Petromyzon marinus,REMOVE,Wacky sequence very different from others,coi.lerayxt
GENBANK,90144741,Petromyzon marinus,REMOVE,Wacky sequence very different from others,coi.lerayxt
GENBANK,90817140,Petromyzon marinus,REMOVE,Wacky sequence very different from others,coi.lerayxt
GENBANK,912499311,Mugil cephalus,REMOVE,Blasts as Planiliza sp.,coi.lerayxt
GENBANK,930435432,Engraulis encrasicolus,REMOVE,Wacky sequence very different from others,coi.lerayxt
GENBANK,930435450,Sardina pilchardus,REMOVE,Wacky sequence very different from others,coi.lerayxt
GENBANK,930580548,Mullus surmuletus,REMOVE,Blasts as Mulloidichthys flavolineatus,coi.lerayxt
GENBANK,94481736,Merlangius merlangus,REMOVE,Bad quality sequence?,12s.miya
GENBANK,94481762,Pollachius virens,REMOVE,Blasts as Pollachius pollachius,12s.miya
GENBANK,959478894,Spondyliosoma cantharus,REMOVE,Wacky sequence very different from others,coi.lerayxt
GENBANK,985568324,Salmo trutta,REMOVE,Blasts as Salmo ischchan,12s.miya
GENBANK,988043480,Pungitius laevis,REMOVE,Blasts as Pungitius sp.,12s.miya
GENBANK,AZB013-20.COI-5P,Boops boops,REMOVE,Wacky sequence very different from others,coi.lerayxt
BOLD,BIM061-13.COI-5P,Trachinus draco,REMOVE,Wacky sequence very different from others,coi.lerayxt
BOLD,BIM287-13.COI-5P,Mullus surmuletus,REMOVE,Wacky sequence very different from others,coi.lerayxt
BOLD,BIM343-13.COI-5P,Dasyatis pastinaca,REMOVE,Blasts as Dasyatis sp. & Hypanus dipterurus,coi.lerayxt
BOLD,BIM403-15.COI-5P,Hippocampus guttulatus,REMOVE,Sativa: Nested in a cluster of Hippocampus hippocampus,coi.lerayxt
BOLD,BIM406-15.COI-5P,Nerophis ophidion,REMOVE,Bad quality sequence? Blasts only against itself,coi.lerayxt
BOLD,BLSEA165-16.COI-5P,Ctenolabrus rupestris,REMOVE,Blasts as Symphodus cinereus,coi.lerayxt
BOLD,BLSEA166-16.COI-5P,Ctenolabrus rupestris,REMOVE,Blasts as Symphodus cinereus,coi.lerayxt
BOLD,BLSEA167-16.COI-5P,Ctenolabrus rupestris,REMOVE,Blasts as Symphodus cinereus,coi.lerayxt
BOLD,BLSEA181-16.COI-5P,Chelon auratus,REMOVE,Blasts as Chelon saliens,coi.lerayxt
BOLD,BLSEA183-16.COI-5P,Trachurus trachurus,REMOVE,Blasts as Trachurus mediterraneus,coi.lerayxt
BOLD,BLSEA198-16.COI-5P,Chelon auratus,REMOVE,Blasts as Chelon saliens,coi.lerayxt
GENBANK,BLSEA212-16.COI-5P,Trachurus trachurus,REMOVE,Blasts as Trachurus mediterraneus,coi.lerayxt
GENBANK,BLSEA214-16.COI-5P,Trachurus trachurus,REMOVE,Blasts as Trachurus mediterraneus,coi.lerayxt
BOLD,BNSF190-11.COI-5P,Lampetra fluviatilis,REMOVE,Blasts as Lampetra planeri,coi.lerayxt
BOLD,COFPL017-15.COI-5P,Diplodus sargus,REMOVE,Sativa: Grouped with Gobiiformes,coi.lerayxt
BOLD,COFPL053-15.COI-5P,Mugil cephalus,REMOVE,Bad quality sequence? Blasts only against itself,coi.lerayxt
BOLD,DSFSE137-07.COI-5P,Trachurus trachurus,REMOVE,Blasts as Trachurus capensis,coi.lerayxt
BOLD,DSSAF701-11.COI-5P,Euthynnus alletteratus,REMOVE,Blasts as Allothunnus fallai,coi.lerayxt
BOLD,DSSAF702-11.COI-5P,Euthynnus alletteratus,REMOVE,Blasts as Allothunnus fallai,coi.lerayxt
BOLD,DSSAF703-11.COI-5P,Euthynnus alletteratus,REMOVE,Blasts as Allothunnus fallai,coi.lerayxt
BOLD,DSSAF704-11.COI-5P,Euthynnus alletteratus,REMOVE,Blasts as Allothunnus fallai,coi.lerayxt
BOLD,DSSAF705-11.COI-5P,Euthynnus alletteratus,REMOVE,Blasts as Allothunnus fallai,coi.lerayxt
BOLD,EHSI111-06.COI-5P,Acipenser sturio,REMOVE,Blasts as Acipenser oxyrinchus,coi.lerayxt
BOLD,ERDK006-21.COI-5P,Diplodus sargus,REMOVE,Blasts as Diplodus puntazzo,coi.lerayxt
GENBANK,ERDK050-21.COI-5P,Trachurus trachurus,REMOVE,Blasts as Trachurus mediterraneus,coi.lerayxt
GENBANK,FBCS035-10.COI-5P,Mugil cephalus,REMOVE,Wacky sequence very different from others,coi.lerayxt
BOLD,FBCS036-10.COI-5P,Mugil cephalus,REMOVE,Blasts as Mugil curema,coi.lerayxt
BOLD,FCFP016-05.COI-5P,Callionymus maculatus,REMOVE,Sativa: Grouped with Perciformes/Scorpaenoidei,coi.lerayxt
BOLD,FCFUK127-06.COI-5P,Gadus morhua,REMOVE,Sativa: Grouped with Merlangius,coi.lerayxt
BOLD,FCFUK151-06.COI-5P,Pomatoschistus pictus,REMOVE,Bad quality sequence?,coi.lerayxt
BOLD,FEM006-19.COI-5P,Melanogrammus aeglefinus,REMOVE,Sativa: Grouped with Merlangius,coi.lerayxt
BOLD,FEM007-19.COI-5P,Melanogrammus aeglefinus,REMOVE,Sativa: Grouped with Merlangius,coi.lerayxt
BOLD,FEM008-19.COI-5P,Melanogrammus aeglefinus,REMOVE,Sativa: Grouped with Merlangius,coi.lerayxt
BOLD,FEM009-19.COI-5P,Melanogrammus aeglefinus,REMOVE,Sativa: Grouped with Merlangius,coi.lerayxt
BOLD,FEM010-19.COI-5P,Melanogrammus aeglefinus,REMOVE,Sativa: Grouped with Merlangius,coi.lerayxt
BOLD,FEM011-19.COI-5P,Melanogrammus aeglefinus,REMOVE,Sativa: Grouped with Merlangius,coi.lerayxt
BOLD,FEM012-19.COI-5P,Melanogrammus aeglefinus,REMOVE,Sativa: Grouped with Merlangius,coi.lerayxt
BOLD,FEM013-19.COI-5P,Melanogrammus aeglefinus,REMOVE,Sativa: Grouped with Merlangius,coi.lerayxt
BOLD,FEM014-19.COI-5P,Melanogrammus aeglefinus,REMOVE,Sativa: Grouped with Merlangius,coi.lerayxt
BOLD,FEM015-19.COI-5P,Melanogrammus aeglefinus,REMOVE,Sativa: Grouped with Merlangius,coi.lerayxt
BOLD,FEM016-19.COI-5P,Melanogrammus aeglefinus,REMOVE,Sativa: Grouped with Merlangius,coi.lerayxt
BOLD,FEM018-19.COI-5P,Melanogrammus aeglefinus,REMOVE,Sativa: Grouped with Merlangius,coi.lerayxt
BOLD,FEM019-19.COI-5P,Melanogrammus aeglefinus,REMOVE,Sativa: Grouped with Merlangius,coi.lerayxt
BOLD,FEM020-19.COI-5P,Melanogrammus aeglefinus,REMOVE,Sativa: Grouped with Merlangius,coi.lerayxt
BOLD,FEM028-19.COI-5P,Melanogrammus aeglefinus,REMOVE,Sativa: Grouped with Merlangius,coi.lerayxt
BOLD,FEM035-19.COI-5P,Melanogrammus aeglefinus,REMOVE,Sativa: Grouped with Merlangius,coi.lerayxt
BOLD,FLBAR1784-20.COI-5P,Etmopterus princeps,REMOVE,Blasts as Centroscyllium fabricii,coi.lerayxt
GENBANK,FOAC168-05.COI-5P,Mugil cephalus,REMOVE,Wacky sequence very different from others,coi.lerayxt
BOLD,HNDSA001-19.COI-5P,Anguilla anguilla,REMOVE,Bad quality sequence? Blasts only against itself,coi.lerayxt
BOLD,HVDB073-09.COI-5P,Trigla lyra,REMOVE,Wacky sequence very different from others,coi.lerayxt
BOLD,HVDB194-10.COI-5P,Lophius piscatorius,REMOVE,Blasts as Lophius vaillanti,coi.lerayxt
BOLD,HVDBF025-10.COI-5P,Trigla lyra,REMOVE,Wacky sequence very different from others,coi.lerayxt
BOLD,HVDBF429-11.COI-5P,Hexanchus griseus,REMOVE,Blasts as Brama australis,coi.lerayxt
BOLD,HVDBF437-11.COI-5P,Trigla lyra,REMOVE,Wacky sequence very different from others,coi.lerayxt
BOLD,HVDBF438-11.COI-5P,Trigla lyra,REMOVE,Wacky sequence very different from others,coi.lerayxt
BOLD,HVDBF440-11.COI-5P,Trigla lyra,REMOVE,Wacky sequence very different from others,coi.lerayxt
GENBANK,IRREK107-08.COI-5P,Dipturus batis,REMOVE,Blasts as Dipturus intermedius,coi.lerayxt
GENBANK,IRREK108-08.COI-5P,Dipturus batis,REMOVE,Blasts as Dipturus intermedius,coi.lerayxt
GENBANK,IRREK123-08.COI-5P,Dipturus batis,REMOVE,Blasts as Dipturus intermedius,coi.lerayxt
BOLD,IRREK128-08.COI-5P,Dipturus batis,REMOVE,Blasts as Dipturus intermedia & Dipturus intermedius,coi.lerayxt
BOLD,IRREK129-08.COI-5P,Dipturus batis,REMOVE,Blasts as Dipturus intermedia & Dipturus intermedius,coi.lerayxt
GENBANK,ITPPL023-14.COI-5P,Mugil cephalus,REMOVE,Wacky sequence very different from others,coi.lerayxt
GENBANK,KERRI468-08.COI-5P,Dipturus batis,REMOVE,Blasts as Dipturus intermedius,coi.lerayxt
BOLD,KERRI476-08.COI-5P,Dipturus batis,REMOVE,Blasts as Dipturus intermedia & Dipturus intermedius,coi.lerayxt
BOLD,LIDMA382-11.COI-5P,Pomatoschistus pictus,REMOVE,Wacky sequence very different from others,coi.lerayxt
BOLD,LIDMA392-11.COI-5P,Pomatoschistus pictus,REMOVE,Wacky sequence very different from others,coi.lerayxt
BOLD,LIDMA394-11.COI-5P,Pomatoschistus pictus,REMOVE,Wacky sequence very different from others,coi.lerayxt
BOLD,LTSM029-12.COI-5P,Pollachius pollachius,REMOVE,Blasts as Gadus chalcogrammus,coi.lerayxt
BOLD,LTSM044-12.COI-5P,Pollachius pollachius,REMOVE,Blasts as Gadus chalcogrammus,coi.lerayxt
BOLD,LTSM047-12.COI-5P,Gadus morhua,REMOVE,Blasts as Gadus macrocephalus,coi.lerayxt
BOLD,LTSM054-12.COI-5P,Gadus morhua,REMOVE,Blasts as Gadus macrocephalus,coi.lerayxt
BOLD,LTSM149-12.COI-5P,Gadus morhua,REMOVE,Blasts as Gadus macrocephalus,coi.lerayxt
BOLD,LTSM155-12.COI-5P,Pollachius virens,REMOVE,Blasts as Gadus chalcogrammus,coi.lerayxt
BOLD,LTSM218-12.COI-5P,Gadus morhua,REMOVE,Blasts as Gadus macrocephalus,coi.lerayxt
GENBANK,MBAM086-24.COI-5P,Diplecogaster bimaculata,REMOVE,Bad quality sequence? Blasts only against itself,coi.lerayxt
BOLD,MBAM161-24.COI-5P,Hyperoplus immaculatus,REMOVE,Bad quality sequence? Blasts only against itself,coi.lerayxt
BOLD,MBP008-11.COI-5P,Mugil cephalus,REMOVE,Blasts as Mugil curema,coi.lerayxt
BOLD,MBP033-11.COI-5P,Mugil cephalus,REMOVE,Blasts as Mugil curema,coi.lerayxt
BOLD,MBP034-11.COI-5P,Mugil cephalus,REMOVE,Blasts as Mugil curema,coi.lerayxt
BOLD,MBP035-11.COI-5P,Mugil cephalus,REMOVE,Blasts as Mugil curema,coi.lerayxt
BOLD,MBP039-11.COI-5P,Mugil cephalus,REMOVE,Blasts as Mugil curema,coi.lerayxt
BOLD,MBP058-11.COI-5P,Mugil cephalus,REMOVE,Blasts as Mugil curema,coi.lerayxt
GENBANK,MBP071-11.COI-5P,Mugil cephalus,REMOVE,Wacky sequence very different from others,coi.lerayxt
BOLD,MBP104-11.COI-5P,Mugil cephalus,REMOVE,Blasts as Mugil curema,coi.lerayxt
BOLD,MBP105-11.COI-5P,Mugil cephalus,REMOVE,Blasts as Mugil curema,coi.lerayxt
BOLD,MBP106-11.COI-5P,Mugil cephalus,REMOVE,Blasts as Mugil curema,coi.lerayxt
BOLD,MBP107-11.COI-5P,Mugil cephalus,REMOVE,Blasts as Mugil curema,coi.lerayxt
BOLD,MBP108-11.COI-5P,Mugil cephalus,REMOVE,Blasts as Mugil curema,coi.lerayxt
BOLD,MBP155-11.COI-5P,Mugil cephalus,REMOVE,Blasts as Mugil curema,coi.lerayxt
GENBANK,MDMM009-17.COI-5P,Ammodytes tobianus,REMOVE,Blasts as Hyperoplus lanceolatus,coi.lerayxt
GENBANK,MDMM010-17.COI-5P,Ammodytes tobianus,REMOVE,Blasts as Hyperoplus lanceolatus,coi.lerayxt
BOLD,MDMM011-17.COI-5P,Ammodytes tobianus,REMOVE,Blasts as Hyperoplus lanceolatus,coi.lerayxt
BOLD,MDMM012-17.COI-5P,Ammodytes tobianus,REMOVE,Blasts as Hyperoplus lanceolatus,coi.lerayxt
BOLD,MDMM014-17.COI-5P,Platichthys flesus,REMOVE,Sativa: Grouped with Pleuronectes,coi.lerayxt
BOLD,MDMM023-17.COI-5P,Pomatoschistus microps,REMOVE,Sativa: Nested in a cluster of Pomatoschistus minutus,coi.lerayxt
BOLD,MDMM024-17.COI-5P,Pomatoschistus microps,REMOVE,Sativa: Nested in a cluster of Pomatoschistus minutus,coi.lerayxt
BOLD,MDMM025-17.COI-5P,Pomatoschistus microps,REMOVE,Sativa: Nested in a cluster of Pomatoschistus minutus,coi.lerayxt
BOLD,MDMM026-17.COI-5P,Pomatoschistus microps,REMOVE,Sativa: Nested in a cluster of Pomatoschistus minutus,coi.lerayxt
BOLD,MDMM065-17.COI-5P,Myoxocephalus scorpius,REMOVE,Blasts as Taurulus bubalis,coi.lerayxt
BOLD,MXV088-11.COI-5P,Katsuwonus pelamis,REMOVE,Sativa: Grouped with Thunnus,coi.lerayxt
BOLD,MXV353-11.COI-5P,Katsuwonus pelamis,REMOVE,Sativa: Grouped with Thunnus,coi.lerayxt
BOLD,NBMF144-16.COI-5P,Raja montagui,REMOVE,Sativa: Nested in a cluster of Raja clavata,coi.lerayxt
BOLD,NBMF145-16.COI-5P,Raja montagui,REMOVE,Sativa: Nested in a cluster of Raja clavata,coi.lerayxt
BOLD,NBMF202-17.COI-5P,Etmopterus spinax,REMOVE,Blasts as Etmopterus sp.,coi.lerayxt
GENBANK,NBMF245-17.COI-5P,Diplecogaster bimaculata,REMOVE,Bad quality sequence? Blasts only against itself,coi.lerayxt
BOLD,NBMF250-17.COI-5P,Myoxocephalus scorpius,REMOVE,Blasts as Icelus bicornis,coi.lerayxt
BOLD,NIBA088-23.COI-5P,Lophius piscatorius,REMOVE,Blasts as Dendrodoa grossularia,coi.lerayxt
GENBANK,NNPF029-10.COI-5P,Diplodus sargus,REMOVE,Blasts as Diplodus kotschyi,coi.lerayxt
BOLD,NOFIS050-10.COI-5P,Ammodytes tobianus,REMOVE,Blasts as Hyperoplus lanceolatus,coi.lerayxt
GENBANK,NOFIS052-10.COI-5P,Ammodytes tobianus,REMOVE,Blasts as Hyperoplus lanceolatus,coi.lerayxt
GENBANK,NOFIS053-10.COI-5P,Ammodytes tobianus,REMOVE,Blasts as Hyperoplus lanceolatus,coi.lerayxt
GENBANK,NOFIS054-10.COI-5P,Ammodytes tobianus,REMOVE,Blasts as Hyperoplus lanceolatus,coi.lerayxt
BOLD,OCARH1159-12.COI-5P,Salmo salar,REMOVE,Wacky sequence very different from others,coi.lerayxt
BOLD,PHANT701-08.COI-5P,Echinorhinus brucus,REMOVE,Wacky sequence very different from others,coi.lerayxt
GENBANK,SABF072-12.COI-5P,Diplodus sargus,REMOVE,Blasts as Diplodus kotschyi,coi.lerayxt
GENBANK,SABF073-12.COI-5P,Diplodus sargus,REMOVE,Blasts as Diplodus kotschyi,coi.lerayxt
BOLD,SABF074-12.COI-5P,Diplodus sargus,REMOVE,Blasts as Diplodus kotschyi,coi.lerayxt
BOLD,SAIAB221-06.COI-5P,Diplodus sargus,REMOVE,Wacky sequence very different from others,coi.lerayxt
GENBANK,SCAFB753-07.COI-5P,Amblyraja radiata,REMOVE,Blasts as Leucoraja garmani & Malacoraja senta,coi.lerayxt
BOLD,SCFAC251-06.COI-5P,Amblyraja radiata,REMOVE,Wacky sequence very different from others,coi.lerayxt
BOLD,SCFAC772-06.COI-5P,Myxine glutinosa,REMOVE,Sativa: Bad quality sequence?,coi.lerayxt
BOLD,SCFAD141-09.COI-5P,Cottunculus microps,REMOVE,Blasts as Artediellus uncinatus & Artediellus scaber,coi.lerayxt
BOLD,SCFAD142-09.COI-5P,Cottunculus microps,REMOVE,Bad quality sequence?,coi.lerayxt
BOLD,SCFAD248-09.COI-5P,Gaidropsarus vulgaris,REMOVE,Blasts as Gaidropsarus ensis,coi.lerayxt
BOLD,SCFAD283-09.COI-5P,Gaidropsarus vulgaris,REMOVE,Sativa: Grouped with Enchelyopus,coi.lerayxt
BOLD,SCFAD314-09.COI-5P,Lipophrys pholis,REMOVE,Blasts as Leptoclinus maculatus,coi.lerayxt
BOLD,SCFAD315-09.COI-5P,Lipophrys pholis,REMOVE,Blasts as Leptoclinus maculatus,coi.lerayxt
BOLD,SCFAD316-09.COI-5P,Lipophrys pholis,REMOVE,Blasts as Leptoclinus maculatus,coi.lerayxt
BOLD,SCFAD330-09.COI-5P,Gaidropsarus vulgaris,REMOVE,Sativa: Grouped with Enchelyopus,coi.lerayxt
BOLD,SCFAD339-09.COI-5P,Gaidropsarus vulgaris,REMOVE,Blasts as Gaidropsarus ensis,coi.lerayxt
BOLD,SCFAD340-09.COI-5P,Gaidropsarus vulgaris,REMOVE,Blasts as Gaidropsarus ensis,coi.lerayxt
BOLD,SFM021-13.COI-5P,Raja undulata,REMOVE,Sativa: Nested in a cluster of Raja clavata,coi.lerayxt
BOLD,SFM033-13.COI-5P,Symphodus melops,REMOVE,Blasts as Centrolabrus exoletus,coi.lerayxt
BOLD,SFM037-13.COI-5P,Gaidropsarus vulgaris,REMOVE,Blasts as Gaidropsarus mediterraneus,coi.lerayxt
BOLD,SFM042-13.COI-5P,Lipophrys pholis,REMOVE,Blasts as Parablennius gattorugine,coi.lerayxt
BOLD,SFM043-13.COI-5P,Lipophrys pholis,REMOVE,Blasts as Parablennius gattorugine,coi.lerayxt
BOLD,UKFBI261-08.COI-5P,Pleuronectes platessa,REMOVE,Bad quality sequence? Blasts only against itself,coi.lerayxt
BOLD,UKFBI262-08.COI-5P,Solea solea,REMOVE,Sativa: Grouped with Mugiliformes,coi.lerayxt
BOLD,UKFBJ422-08.COI-5P,Glyptocephalus cynoglossus,REMOVE,Sativa: Grouped with Hippoglossoides,coi.lerayxt
