2557040494	k__Animalia; p__Chordata; c__Chondrostei; o__Acipenseriformes; f__Acipenseridae; g__Acipenser; s__oxyrinchus
725542186	k__Animalia; p__Chordata; c__Chondrostei; o__Acipenseriformes; f__Acipenseridae; g__Acipenser; s__oxyrinchus
47118042	k__Animalia; p__Chordata; c__Chondrostei; o__Acipenseriformes; f__Acipenseridae; g__Acipenser; s__sturio
2833140078	k__Animalia; p__Chordata; c__Elasmobranchii; o__Carcharhiniformes; f__Carcharhinidae; g__Prionace; s__glauca
1878349324	k__Animalia; p__Chordata; c__Elasmobranchii; o__Carcharhiniformes; f__Pentanchidae; g__Galeus; s__melastomus
2020640451	k__Animalia; p__Chordata; c__Elasmobranchii; o__Carcharhiniformes; f__Pentanchidae; g__Galeus; s__melastomus
554618767	k__Animalia; p__Chordata; c__Elasmobranchii; o__Carcharhiniformes; f__Pseudotriakidae; g__Pseudotriakis; s__microdon
5835596	k__Animalia; p__Chordata; c__Elasmobranchii; o__Carcharhiniformes; f__Scyliorhinidae; g__Scyliorhinus; s__canicula
2300590235	k__Animalia; p__Chordata; c__Elasmobranchii; o__Carcharhiniformes; f__Scyliorhinidae; g__Scyliorhinus; s__stellaris
2304349736	k__Animalia; p__Chordata; c__Elasmobranchii; o__Carcharhiniformes; f__Sphyrnidae; g__Sphyrna; s__zygaena
2580278635	k__Animalia; p__Chordata; c__Elasmobranchii; o__Carcharhiniformes; f__Sphyrnidae; g__Sphyrna; s__zygaena
2547512104	k__Animalia; p__Chordata; c__Elasmobranchii; o__Carcharhiniformes; f__Triakidae; g__Galeorhinus; s__galeus
2618217584	k__Animalia; p__Chordata; c__Elasmobranchii; o__Carcharhiniformes; f__Triakidae; g__Galeorhinus; s__galeus
2791104617	k__Animalia; p__Chordata; c__Elasmobranchii; o__Carcharhiniformes; f__Triakidae; g__Mustelus; s__asterias
1509841926	k__Animalia; p__Chordata; c__Elasmobranchii; o__Carcharhiniformes; f__Triakidae; g__Mustelus; s__mustelus
2064684394	k__Animalia; p__Chordata; c__Elasmobranchii; o__Hexanchiformes; f__Chlamydoselachidae; g__Chlamydoselachus; s__anguineus
556506271	k__Animalia; p__Chordata; c__Elasmobranchii; o__Hexanchiformes; f__Chlamydoselachidae; g__Chlamydoselachus; s__anguineus
2304349729	k__Animalia; p__Chordata; c__Elasmobranchii; o__Hexanchiformes; f__Hexanchidae; g__Heptranchias; s__perlo
37722026	k__Animalia; p__Chordata; c__Elasmobranchii; o__Hexanchiformes; f__Hexanchidae; g__Heptranchias; s__perlo
556506285	k__Animalia; p__Chordata; c__Elasmobranchii; o__Hexanchiformes; f__Hexanchidae; g__Heptranchias; s__perlo
2580278344	k__Animalia; p__Chordata; c__Elasmobranchii; o__Hexanchiformes; f__Hexanchidae; g__Hexanchus; s__griseus
37722025	k__Animalia; p__Chordata; c__Elasmobranchii; o__Hexanchiformes; f__Hexanchidae; g__Hexanchus; s__griseus
576598167	k__Animalia; p__Chordata; c__Elasmobranchii; o__Hexanchiformes; f__Hexanchidae; g__Hexanchus; s__griseus
576598175	k__Animalia; p__Chordata; c__Elasmobranchii; o__Hexanchiformes; f__Hexanchidae; g__Hexanchus; s__griseus
576598187	k__Animalia; p__Chordata; c__Elasmobranchii; o__Hexanchiformes; f__Hexanchidae; g__Hexanchus; s__griseus
2557040615	k__Animalia; p__Chordata; c__Elasmobranchii; o__Lamniformes; f__Alopiidae; g__Alopias; s__vulpinus
985566885	k__Animalia; p__Chordata; c__Elasmobranchii; o__Lamniformes; f__Alopiidae; g__Alopias; s__vulpinus
570700701	k__Animalia; p__Chordata; c__Elasmobranchii; o__Lamniformes; f__Cetorhinidae; g__Cetorhinus; s__maximus
700275156	k__Animalia; p__Chordata; c__Elasmobranchii; o__Lamniformes; f__Cetorhinidae; g__Cetorhinus; s__maximus
700275198	k__Animalia; p__Chordata; c__Elasmobranchii; o__Lamniformes; f__Cetorhinidae; g__Cetorhinus; s__maximus
700275268	k__Animalia; p__Chordata; c__Elasmobranchii; o__Lamniformes; f__Cetorhinidae; g__Cetorhinus; s__maximus
2131187814	k__Animalia; p__Chordata; c__Elasmobranchii; o__Lamniformes; f__Lamnidae; g__Isurus; s__oxyrinchus
2307998542	k__Animalia; p__Chordata; c__Elasmobranchii; o__Lamniformes; f__Lamnidae; g__Isurus; s__oxyrinchus
3024664529	k__Animalia; p__Chordata; c__Elasmobranchii; o__Lamniformes; f__Lamnidae; g__Isurus; s__oxyrinchus
752502824	k__Animalia; p__Chordata; c__Elasmobranchii; o__Lamniformes; f__Lamnidae; g__Isurus; s__oxyrinchus
1871283157	k__Animalia; p__Chordata; c__Elasmobranchii; o__Lamniformes; f__Lamnidae; g__Lamna; s__nasus
1997119099	k__Animalia; p__Chordata; c__Elasmobranchii; o__Myliobatiformes; f__Dasyatidae; g__Dasyatis; s__pastinaca
2937557827	k__Animalia; p__Chordata; c__Elasmobranchii; o__Myliobatiformes; f__Dasyatidae; g__Pteroplatytrygon; s__violacea
906357607	k__Animalia; p__Chordata; c__Elasmobranchii; o__Myliobatiformes; f__Dasyatidae; g__Pteroplatytrygon; s__violacea
1090894334	k__Animalia; p__Chordata; c__Elasmobranchii; o__Myliobatiformes; f__Mobulidae; g__Mobula; s__mobular
2491776910	k__Animalia; p__Chordata; c__Elasmobranchii; o__Myliobatiformes; f__Mobulidae; g__Mobula; s__mobular
729056208	k__Animalia; p__Chordata; c__Elasmobranchii; o__Myliobatiformes; f__Mobulidae; g__Mobula; s__mobular
2572732202	k__Animalia; p__Chordata; c__Elasmobranchii; o__Myliobatiformes; f__Myliobatidae; g__Myliobatis; s__aquila
2333440918	k__Animalia; p__Chordata; c__Elasmobranchii; o__Rajiformes; f__Arhynchobatidae; g__Bathyraja; s__spinicauda
1942250112	k__Animalia; p__Chordata; c__Elasmobranchii; o__Rajiformes; f__Rajidae; g__Amblyraja; s__hyperborea
2689250975	k__Animalia; p__Chordata; c__Elasmobranchii; o__Rajiformes; f__Rajidae; g__Amblyraja; s__radiata
2689251213	k__Animalia; p__Chordata; c__Elasmobranchii; o__Rajiformes; f__Rajidae; g__Amblyraja; s__radiata
2689251605	k__Animalia; p__Chordata; c__Elasmobranchii; o__Rajiformes; f__Rajidae; g__Amblyraja; s__radiata
2689252935	k__Animalia; p__Chordata; c__Elasmobranchii; o__Rajiformes; f__Rajidae; g__Amblyraja; s__radiata
2689253033	k__Animalia; p__Chordata; c__Elasmobranchii; o__Rajiformes; f__Rajidae; g__Amblyraja; s__radiata
2689253621	k__Animalia; p__Chordata; c__Elasmobranchii; o__Rajiformes; f__Rajidae; g__Amblyraja; s__radiata
2689254307	k__Animalia; p__Chordata; c__Elasmobranchii; o__Rajiformes; f__Rajidae; g__Amblyraja; s__radiata
2689254923	k__Animalia; p__Chordata; c__Elasmobranchii; o__Rajiformes; f__Rajidae; g__Amblyraja; s__radiata
2689255427	k__Animalia; p__Chordata; c__Elasmobranchii; o__Rajiformes; f__Rajidae; g__Amblyraja; s__radiata
2689256337	k__Animalia; p__Chordata; c__Elasmobranchii; o__Rajiformes; f__Rajidae; g__Amblyraja; s__radiata
2689256617	k__Animalia; p__Chordata; c__Elasmobranchii; o__Rajiformes; f__Rajidae; g__Amblyraja; s__radiata
2689256981	k__Animalia; p__Chordata; c__Elasmobranchii; o__Rajiformes; f__Rajidae; g__Amblyraja; s__radiata
2689257009	k__Animalia; p__Chordata; c__Elasmobranchii; o__Rajiformes; f__Rajidae; g__Amblyraja; s__radiata
2689257415	k__Animalia; p__Chordata; c__Elasmobranchii; o__Rajiformes; f__Rajidae; g__Amblyraja; s__radiata
126095407	k__Animalia; p__Chordata; c__Elasmobranchii; o__Rajiformes; f__Rajidae; g__Dipturus; s__batis
2021332350	k__Animalia; p__Chordata; c__Elasmobranchii; o__Rajiformes; f__Rajidae; g__Dipturus; s__intermedius
3036603524	k__Animalia; p__Chordata; c__Elasmobranchii; o__Rajiformes; f__Rajidae; g__Dipturus; s__nidarosiensis
1418585878	k__Animalia; p__Chordata; c__Elasmobranchii; o__Rajiformes; f__Rajidae; g__Dipturus; s__oxyrinchus
129279356	k__Animalia; p__Chordata; c__Elasmobranchii; o__Rajiformes; f__Rajidae; g__Leucoraja; s__circularis
1418585906	k__Animalia; p__Chordata; c__Elasmobranchii; o__Rajiformes; f__Rajidae; g__Leucoraja; s__circularis
129279355	k__Animalia; p__Chordata; c__Elasmobranchii; o__Rajiformes; f__Rajidae; g__Leucoraja; s__fullonica
3025632525	k__Animalia; p__Chordata; c__Elasmobranchii; o__Rajiformes; f__Rajidae; g__Leucoraja; s__naevus
126095397	k__Animalia; p__Chordata; c__Elasmobranchii; o__Rajiformes; f__Rajidae; g__Raja; s__brachyura
1418585948	k__Animalia; p__Chordata; c__Elasmobranchii; o__Rajiformes; f__Rajidae; g__Raja; s__clavata
2018537037	k__Animalia; p__Chordata; c__Elasmobranchii; o__Rajiformes; f__Rajidae; g__Raja; s__clavata
126095398	k__Animalia; p__Chordata; c__Elasmobranchii; o__Rajiformes; f__Rajidae; g__Raja; s__microocellata
129279364	k__Animalia; p__Chordata; c__Elasmobranchii; o__Rajiformes; f__Rajidae; g__Raja; s__montagui
2172621010	k__Animalia; p__Chordata; c__Elasmobranchii; o__Rajiformes; f__Rajidae; g__Raja; s__undulata
2333440979	k__Animalia; p__Chordata; c__Elasmobranchii; o__Rajiformes; f__Rajidae; g__Rajella; s__fyllae
2028741897	k__Animalia; p__Chordata; c__Elasmobranchii; o__Rajiformes; f__Rajidae; g__Rajella; s__lintea
126095395	k__Animalia; p__Chordata; c__Elasmobranchii; o__Rajiformes; f__Rajidae; g__Rostroraja; s__alba
3036603520	k__Animalia; p__Chordata; c__Elasmobranchii; o__Rajiformes; f__Rajidae; g__Rostroraja; s__alba
2087356304	k__Animalia; p__Chordata; c__Elasmobranchii; o__Squaliformes; f__Centrophoridae; g__Centrophorus; s__squamosus
300676995	k__Animalia; p__Chordata; c__Elasmobranchii; o__Squaliformes; f__Centrophoridae; g__Centrophorus; s__squamosus
2249630813	k__Animalia; p__Chordata; c__Elasmobranchii; o__Squaliformes; f__Centrophoridae; g__Deania; s__calceus
2242463869	k__Animalia; p__Chordata; c__Elasmobranchii; o__Squaliformes; f__Dalatiidae; g__Dalatias; s__licha
300676970	k__Animalia; p__Chordata; c__Elasmobranchii; o__Squaliformes; f__Dalatiidae; g__Dalatias; s__licha
985564828	k__Animalia; p__Chordata; c__Elasmobranchii; o__Squaliformes; f__Dalatiidae; g__Dalatias; s__licha
300677001	k__Animalia; p__Chordata; c__Elasmobranchii; o__Squaliformes; f__Etmopteridae; g__Centroscyllium; s__fabricii
2260973950	k__Animalia; p__Chordata; c__Elasmobranchii; o__Squaliformes; f__Etmopteridae; g__Etmopterus; s__princeps
2260973951	k__Animalia; p__Chordata; c__Elasmobranchii; o__Squaliformes; f__Etmopteridae; g__Etmopterus; s__princeps
1799624253	k__Animalia; p__Chordata; c__Elasmobranchii; o__Squaliformes; f__Etmopteridae; g__Etmopterus; s__spinax
300676968	k__Animalia; p__Chordata; c__Elasmobranchii; o__Squaliformes; f__Oxynotidae; g__Oxynotus; s__paradoxus
2949335864	k__Animalia; p__Chordata; c__Elasmobranchii; o__Squaliformes; f__Somniosidae; g__Centroscymnus; s__coelolepis
300676988	k__Animalia; p__Chordata; c__Elasmobranchii; o__Squaliformes; f__Somniosidae; g__Centroselachus; s__crepidater
300676991	k__Animalia; p__Chordata; c__Elasmobranchii; o__Squaliformes; f__Somniosidae; g__Scymnodon; s__ringens
1150016761	k__Animalia; p__Chordata; c__Elasmobranchii; o__Squaliformes; f__Somniosidae; g__Somniosus; s__microcephalus
2580276924	k__Animalia; p__Chordata; c__Elasmobranchii; o__Squaliformes; f__Somniosidae; g__Zameus; s__squamulosus
2557040025	k__Animalia; p__Chordata; c__Elasmobranchii; o__Squaliformes; f__Squalidae; g__Squalus; s__acanthias
5835708	k__Animalia; p__Chordata; c__Elasmobranchii; o__Squaliformes; f__Squalidae; g__Squalus; s__acanthias
1197014042	k__Animalia; p__Chordata; c__Elasmobranchii; o__Squatiniformes; f__Squatinidae; g__Squatina; s__squatina
129279349	k__Animalia; p__Chordata; c__Elasmobranchii; o__Torpediniformes; f__Torpedinidae; g__Torpedo; s__marmorata
2172621038	k__Animalia; p__Chordata; c__Elasmobranchii; o__Torpediniformes; f__Torpedinidae; g__Torpedo; s__marmorata
347349330	k__Animalia; p__Chordata; c__Holocephali; o__Chimaeriformes; f__Chimaeridae; g__Chimaera; s__monstrosa
157384594	k__Animalia; p__Chordata; c__Holocephali; o__Chimaeriformes; f__Chimaeridae; g__Chimaera; s__opalescens
298110915	k__Animalia; p__Chordata; c__Holocephali; o__Chimaeriformes; f__Rhinochimaeridae; g__Harriotta; s__raleighana
3053320711	k__Animalia; p__Chordata; c__Holocephali; o__Chimaeriformes; f__Rhinochimaeridae; g__Harriotta; s__raleighana
2333441050	k__Animalia; p__Chordata; c__Holocephali; o__Chimaeriformes; f__Rhinochimaeridae; g__Rhinochimaera; s__atlantica
2515605339	k__Animalia; p__Chordata; c__Holocephali; o__Chimaeriformes; f__Rhinochimaeridae; g__Rhinochimaera; s__atlantica
6691422	k__Animalia; p__Chordata; c__Petromyzonti; o__Petromyzontiformes; f__Petromyzontidae; g__Lampetra; s__fluviatilis
2557039575	k__Animalia; p__Chordata; c__Petromyzonti; o__Petromyzontiformes; f__Petromyzontidae; g__Petromyzon; s__marinus
2557039964	k__Animalia; p__Chordata; c__Petromyzonti; o__Petromyzontiformes; f__Petromyzontidae; g__Petromyzon; s__marinus
139000470	k__Animalia; p__Chordata; c__Teleostei; o__Acanthuriformes; f__Caproidae; g__Capros; s__aper
157735991	k__Animalia; p__Chordata; c__Teleostei; o__Acanthuriformes; f__Luvaridae; g__Luvarus; s__imperialis
4494777	k__Animalia; p__Chordata; c__Teleostei; o__Acanthuriformes; f__Luvaridae; g__Luvarus; s__imperialis
2028741894	k__Animalia; p__Chordata; c__Teleostei; o__Acropomatiformes; f__Polyprionidae; g__Polyprion; s__americanus
2715332015	k__Animalia; p__Chordata; c__Teleostei; o__Acropomatiformes; f__Polyprionidae; g__Polyprion; s__americanus
270267434	k__Animalia; p__Chordata; c__Teleostei; o__Alepocephaliformes; f__Alepocephalidae; g__Alepocephalus; s__agassizii
269994110	k__Animalia; p__Chordata; c__Teleostei; o__Alepocephaliformes; f__Alepocephalidae; g__Alepocephalus; s__bairdii
269994292	k__Animalia; p__Chordata; c__Teleostei; o__Alepocephaliformes; f__Alepocephalidae; g__Narcetes; s__stomias
1561111693	k__Animalia; p__Chordata; c__Teleostei; o__Alepocephaliformes; f__Alepocephalidae; g__Rouleina; s__attrita
1561111692	k__Animalia; p__Chordata; c__Teleostei; o__Alepocephaliformes; f__Alepocephalidae; g__Rouleina; s__maderensis
1561111691	k__Animalia; p__Chordata; c__Teleostei; o__Alepocephaliformes; f__Alepocephalidae; g__Xenodermichthys; s__copei
190715184	k__Animalia; p__Chordata; c__Teleostei; o__Alepocephaliformes; f__Platytroctidae; g__Normichthys; s__operosus
2333441056	k__Animalia; p__Chordata; c__Teleostei; o__Alepocephaliformes; f__Platytroctidae; g__Searsia; s__koefoedi
597440632	k__Animalia; p__Chordata; c__Teleostei; o__Anguilliformes; f__Anguillidae; g__Anguilla; s__anguilla
597440870	k__Animalia; p__Chordata; c__Teleostei; o__Anguilliformes; f__Anguillidae; g__Anguilla; s__anguilla
597441066	k__Animalia; p__Chordata; c__Teleostei; o__Anguilliformes; f__Anguillidae; g__Anguilla; s__anguilla
2927769141	k__Animalia; p__Chordata; c__Teleostei; o__Anguilliformes; f__Congridae; g__Conger; s__conger
223674763	k__Animalia; p__Chordata; c__Teleostei; o__Anguilliformes; f__Muraenidae; g__Muraena; s__helena
332147000	k__Animalia; p__Chordata; c__Teleostei; o__Anguilliformes; f__Nemichthyidae; g__Avocettina; s__infans
33337805	k__Animalia; p__Chordata; c__Teleostei; o__Anguilliformes; f__Nemichthyidae; g__Avocettina; s__infans
2174708199	k__Animalia; p__Chordata; c__Teleostei; o__Anguilliformes; f__Nemichthyidae; g__Nemichthys; s__scolopaceus
22347496	k__Animalia; p__Chordata; c__Teleostei; o__Anguilliformes; f__Nemichthyidae; g__Nemichthys; s__scolopaceus
33337804	k__Animalia; p__Chordata; c__Teleostei; o__Anguilliformes; f__Nemichthyidae; g__Nemichthys; s__scolopaceus
1561111650	k__Animalia; p__Chordata; c__Teleostei; o__Argentiniformes; f__Argentinidae; g__Argentina; s__silus
1896498999	k__Animalia; p__Chordata; c__Teleostei; o__Argentiniformes; f__Argentinidae; g__Argentina; s__sphyraena
1293099600	k__Animalia; p__Chordata; c__Teleostei; o__Atheriniformes; f__Atherinidae; g__Atherina; s__boyeri
2048073550	k__Animalia; p__Chordata; c__Teleostei; o__Atheriniformes; f__Atherinidae; g__Atherina; s__boyeri
297655393	k__Animalia; p__Chordata; c__Teleostei; o__Atheriniformes; f__Atherinidae; g__Atherina; s__boyeri
297655394	k__Animalia; p__Chordata; c__Teleostei; o__Atheriniformes; f__Atherinidae; g__Atherina; s__boyeri
2028741852	k__Animalia; p__Chordata; c__Teleostei; o__Atheriniformes; f__Atherinidae; g__Atherina; s__presbyter
806392188	k__Animalia; p__Chordata; c__Teleostei; o__Aulopiformes; f__Alepisauridae; g__Alepisaurus; s__ferox
985567126	k__Animalia; p__Chordata; c__Teleostei; o__Aulopiformes; f__Alepisauridae; g__Alepisaurus; s__ferox
985567127	k__Animalia; p__Chordata; c__Teleostei; o__Aulopiformes; f__Alepisauridae; g__Alepisaurus; s__ferox
985564998	k__Animalia; p__Chordata; c__Teleostei; o__Aulopiformes; f__Bathysauridae; g__Bathysaurus; s__ferox
2333440981	k__Animalia; p__Chordata; c__Teleostei; o__Aulopiformes; f__Notosudidae; g__Scopelosaurus; s__lepidus
1918447548	k__Animalia; p__Chordata; c__Teleostei; o__Aulopiformes; f__Paralepididae; g__Arctozenus; s__risso
2333440916	k__Animalia; p__Chordata; c__Teleostei; o__Aulopiformes; f__Paralepididae; g__Arctozenus; s__risso
1918447608	k__Animalia; p__Chordata; c__Teleostei; o__Aulopiformes; f__Paralepididae; g__Magnisudis; s__atlantica
2491777158	k__Animalia; p__Chordata; c__Teleostei; o__Aulopiformes; f__Paralepididae; g__Magnisudis; s__atlantica
985565156	k__Animalia; p__Chordata; c__Teleostei; o__Aulopiformes; f__Paralepididae; g__Magnisudis; s__atlantica
2018537061	k__Animalia; p__Chordata; c__Teleostei; o__Beloniformes; f__Belonidae; g__Belone; s__belone
2491776958	k__Animalia; p__Chordata; c__Teleostei; o__Beloniformes; f__Exocoetidae; g__Hirundichthys; s__rondeletii
2373974578	k__Animalia; p__Chordata; c__Teleostei; o__Beloniformes; f__Exocoetidae; g__Hirundichthys; s__speculiger
1918447582	k__Animalia; p__Chordata; c__Teleostei; o__Beloniformes; f__Scomberesocidae; g__Scomberesox; s__saurus
2185617815	k__Animalia; p__Chordata; c__Teleostei; o__Beryciformes; f__Berycidae; g__Beryx; s__decadactylus
25005859	k__Animalia; p__Chordata; c__Teleostei; o__Beryciformes; f__Berycidae; g__Beryx; s__decadactylus
2491777272	k__Animalia; p__Chordata; c__Teleostei; o__Beryciformes; f__Melamphaidae; g__Poromitra; s__crassiceps
2580282765	k__Animalia; p__Chordata; c__Teleostei; o__Beryciformes; f__Melamphaidae; g__Poromitra; s__crassiceps
2018537204	k__Animalia; p__Chordata; c__Teleostei; o__Blenniiformes; f__Blenniidae; g__Blennius; s__ocellaris
2018537172	k__Animalia; p__Chordata; c__Teleostei; o__Blenniiformes; f__Blenniidae; g__Coryphoblennius; s__galerita
2568000354	k__Animalia; p__Chordata; c__Teleostei; o__Blenniiformes; f__Blenniidae; g__Lipophrys; s__pholis
2972160450	k__Animalia; p__Chordata; c__Teleostei; o__Blenniiformes; f__Blenniidae; g__Parablennius; s__gattorugine
2188144267	k__Animalia; p__Chordata; c__Teleostei; o__Blenniiformes; f__Tripterygiidae; g__Tripterygion; s__delaisi
2018537231	k__Animalia; p__Chordata; c__Teleostei; o__Callionymiformes; f__Callionymidae; g__Callionymus; s__lyra
2018537236	k__Animalia; p__Chordata; c__Teleostei; o__Callionymiformes; f__Callionymidae; g__Callionymus; s__maculatus
2028741856	k__Animalia; p__Chordata; c__Teleostei; o__Callionymiformes; f__Callionymidae; g__Callionymus; s__reticulatus
1841708661	k__Animalia; p__Chordata; c__Teleostei; o__Carangaria/misc; f__Lactariidae; g__Lactarius; s__lactarius
2059554002	k__Animalia; p__Chordata; c__Teleostei; o__Carangaria/misc; f__Lactariidae; g__Lactarius; s__lactarius
1859772322	k__Animalia; p__Chordata; c__Teleostei; o__Carangiformes; f__Carangidae; g__Naucrates; s__ductor
2491777411	k__Animalia; p__Chordata; c__Teleostei; o__Carangiformes; f__Carangidae; g__Naucrates; s__ductor
545691634	k__Animalia; p__Chordata; c__Teleostei; o__Carangiformes; f__Carangidae; g__Trachinotus; s__ovatus
1898139698	k__Animalia; p__Chordata; c__Teleostei; o__Carangiformes; f__Carangidae; g__Trachurus; s__trachurus
2750881795	k__Animalia; p__Chordata; c__Teleostei; o__Carangiformes; f__Carangidae; g__Trachurus; s__trachurus
9082206	k__Animalia; p__Chordata; c__Teleostei; o__Carangiformes; f__Carangidae; g__Trachurus; s__trachurus
227462453	k__Animalia; p__Chordata; c__Teleostei; o__Carangiformes; f__Echeneidae; g__Remora; s__remora
2557040486	k__Animalia; p__Chordata; c__Teleostei; o__Carangiformes; f__Istiophoridae; g__Kajikia; s__albida
229619866	k__Animalia; p__Chordata; c__Teleostei; o__Carangiformes; f__Xiphiidae; g__Xiphias; s__gladius
2491777244	k__Animalia; p__Chordata; c__Teleostei; o__Carangiformes; f__Xiphiidae; g__Xiphias; s__gladius
148762492	k__Animalia; p__Chordata; c__Teleostei; o__Clupeiformes; f__Alosidae; g__Alosa; s__alosa
2745579684	k__Animalia; p__Chordata; c__Teleostei; o__Clupeiformes; f__Alosidae; g__Alosa; s__fallax
2758775399	k__Animalia; p__Chordata; c__Teleostei; o__Clupeiformes; f__Alosidae; g__Sardina; s__pilchardus
2758775497	k__Animalia; p__Chordata; c__Teleostei; o__Clupeiformes; f__Alosidae; g__Sardina; s__pilchardus
2758776323	k__Animalia; p__Chordata; c__Teleostei; o__Clupeiformes; f__Alosidae; g__Sardina; s__pilchardus
2758776337	k__Animalia; p__Chordata; c__Teleostei; o__Clupeiformes; f__Alosidae; g__Sardina; s__pilchardus
2758776603	k__Animalia; p__Chordata; c__Teleostei; o__Clupeiformes; f__Alosidae; g__Sardina; s__pilchardus
2758776785	k__Animalia; p__Chordata; c__Teleostei; o__Clupeiformes; f__Alosidae; g__Sardina; s__pilchardus
2758777205	k__Animalia; p__Chordata; c__Teleostei; o__Clupeiformes; f__Alosidae; g__Sardina; s__pilchardus
2758777233	k__Animalia; p__Chordata; c__Teleostei; o__Clupeiformes; f__Alosidae; g__Sardina; s__pilchardus
2018537164	k__Animalia; p__Chordata; c__Teleostei; o__Clupeiformes; f__Clupeidae; g__Clupea; s__harengus
426259359	k__Animalia; p__Chordata; c__Teleostei; o__Clupeiformes; f__Clupeidae; g__Clupea; s__harengus
426259401	k__Animalia; p__Chordata; c__Teleostei; o__Clupeiformes; f__Clupeidae; g__Clupea; s__harengus
426259485	k__Animalia; p__Chordata; c__Teleostei; o__Clupeiformes; f__Clupeidae; g__Clupea; s__harengus
426259611	k__Animalia; p__Chordata; c__Teleostei; o__Clupeiformes; f__Clupeidae; g__Clupea; s__harengus
426259653	k__Animalia; p__Chordata; c__Teleostei; o__Clupeiformes; f__Clupeidae; g__Clupea; s__harengus
426259905	k__Animalia; p__Chordata; c__Teleostei; o__Clupeiformes; f__Clupeidae; g__Clupea; s__harengus
426259961	k__Animalia; p__Chordata; c__Teleostei; o__Clupeiformes; f__Clupeidae; g__Clupea; s__harengus
426260003	k__Animalia; p__Chordata; c__Teleostei; o__Clupeiformes; f__Clupeidae; g__Clupea; s__harengus
426260017	k__Animalia; p__Chordata; c__Teleostei; o__Clupeiformes; f__Clupeidae; g__Clupea; s__harengus
426260073	k__Animalia; p__Chordata; c__Teleostei; o__Clupeiformes; f__Clupeidae; g__Clupea; s__harengus
426260115	k__Animalia; p__Chordata; c__Teleostei; o__Clupeiformes; f__Clupeidae; g__Clupea; s__harengus
426260171	k__Animalia; p__Chordata; c__Teleostei; o__Clupeiformes; f__Clupeidae; g__Clupea; s__harengus
426260311	k__Animalia; p__Chordata; c__Teleostei; o__Clupeiformes; f__Clupeidae; g__Clupea; s__harengus
426260381	k__Animalia; p__Chordata; c__Teleostei; o__Clupeiformes; f__Clupeidae; g__Clupea; s__harengus
426260423	k__Animalia; p__Chordata; c__Teleostei; o__Clupeiformes; f__Clupeidae; g__Clupea; s__harengus
148922628	k__Animalia; p__Chordata; c__Teleostei; o__Clupeiformes; f__Clupeidae; g__Sprattus; s__sprattus
1799624602	k__Animalia; p__Chordata; c__Teleostei; o__Clupeiformes; f__Clupeidae; g__Sprattus; s__sprattus
2018537076	k__Animalia; p__Chordata; c__Teleostei; o__Clupeiformes; f__Clupeidae; g__Sprattus; s__sprattus
2018537207	k__Animalia; p__Chordata; c__Teleostei; o__Clupeiformes; f__Engraulidae; g__Engraulis; s__encrasicolus
2994821385	k__Animalia; p__Chordata; c__Teleostei; o__Dactylopteriformes; f__Dactylopteridae; g__Dactylopterus; s__volitans
906357583	k__Animalia; p__Chordata; c__Teleostei; o__Dactylopteriformes; f__Dactylopteridae; g__Dactylopterus; s__volitans
2018537256	k__Animalia; p__Chordata; c__Teleostei; o__Eupercaria/misc; f__Cepolidae; g__Cepola; s__macrophthalma
2018537259	k__Animalia; p__Chordata; c__Teleostei; o__Eupercaria/misc; f__Cepolidae; g__Cepola; s__macrophthalma
1189408039	k__Animalia; p__Chordata; c__Teleostei; o__Eupercaria/misc; f__Labridae; g__Acantholabrus; s__palloni
1898139866	k__Animalia; p__Chordata; c__Teleostei; o__Eupercaria/misc; f__Labridae; g__Centrolabrus; s__exoletus
194351319	k__Animalia; p__Chordata; c__Teleostei; o__Eupercaria/misc; f__Labridae; g__Centrolabrus; s__exoletus
985566036	k__Animalia; p__Chordata; c__Teleostei; o__Eupercaria/misc; f__Labridae; g__Coris; s__julis
99642098	k__Animalia; p__Chordata; c__Teleostei; o__Eupercaria/misc; f__Labridae; g__Coris; s__julis
1980526633	k__Animalia; p__Chordata; c__Teleostei; o__Eupercaria/misc; f__Labridae; g__Ctenolabrus; s__rupestris
2999134072	k__Animalia; p__Chordata; c__Teleostei; o__Eupercaria/misc; f__Labridae; g__Ctenolabrus; s__rupestris
1896498923	k__Animalia; p__Chordata; c__Teleostei; o__Eupercaria/misc; f__Labridae; g__Labrus; s__bergylta
1189408120	k__Animalia; p__Chordata; c__Teleostei; o__Eupercaria/misc; f__Labridae; g__Labrus; s__mixtus
1843818457	k__Animalia; p__Chordata; c__Teleostei; o__Eupercaria/misc; f__Labridae; g__Labrus; s__mixtus
2617851875	k__Animalia; p__Chordata; c__Teleostei; o__Eupercaria/misc; f__Labridae; g__Labrus; s__mixtus
2018537090	k__Animalia; p__Chordata; c__Teleostei; o__Eupercaria/misc; f__Labridae; g__Symphodus; s__bailloni
2018537222	k__Animalia; p__Chordata; c__Teleostei; o__Eupercaria/misc; f__Labridae; g__Symphodus; s__bailloni
2018537102	k__Animalia; p__Chordata; c__Teleostei; o__Eupercaria/misc; f__Labridae; g__Symphodus; s__melops
2018537051	k__Animalia; p__Chordata; c__Teleostei; o__Eupercaria/misc; f__Moronidae; g__Dicentrarchus; s__labrax
2018537052	k__Animalia; p__Chordata; c__Teleostei; o__Eupercaria/misc; f__Moronidae; g__Dicentrarchus; s__labrax
2208847186	k__Animalia; p__Chordata; c__Teleostei; o__Eupercaria/misc; f__Sciaenidae; g__Argyrosomus; s__regius
2557039308	k__Animalia; p__Chordata; c__Teleostei; o__Eupercaria/misc; f__Sciaenidae; g__Cynoscion; s__regalis
2569352171	k__Animalia; p__Chordata; c__Teleostei; o__Eupercaria/misc; f__Sciaenidae; g__Micropogonias; s__undulatus
2208847224	k__Animalia; p__Chordata; c__Teleostei; o__Eupercaria/misc; f__Sciaenidae; g__Umbrina; s__cirrosa
1896498965	k__Animalia; p__Chordata; c__Teleostei; o__Eupercaria/misc; f__Sparidae; g__Boops; s__boops
1379020071	k__Animalia; p__Chordata; c__Teleostei; o__Eupercaria/misc; f__Sparidae; g__Dentex; s__dentex
2091529450	k__Animalia; p__Chordata; c__Teleostei; o__Eupercaria/misc; f__Sparidae; g__Diplodus; s__sargus
1381393794	k__Animalia; p__Chordata; c__Teleostei; o__Eupercaria/misc; f__Sparidae; g__Pagellus; s__acarne
148368793	k__Animalia; p__Chordata; c__Teleostei; o__Eupercaria/misc; f__Sparidae; g__Pagellus; s__bogaraveo
1843818462	k__Animalia; p__Chordata; c__Teleostei; o__Eupercaria/misc; f__Sparidae; g__Pagellus; s__bogaraveo
1375531120	k__Animalia; p__Chordata; c__Teleostei; o__Eupercaria/misc; f__Sparidae; g__Pagellus; s__erythrinus
2991373190	k__Animalia; p__Chordata; c__Teleostei; o__Eupercaria/misc; f__Sparidae; g__Pagrus; s__pagrus
42525345	k__Animalia; p__Chordata; c__Teleostei; o__Eupercaria/misc; f__Sparidae; g__Pagrus; s__pagrus
2018537212	k__Animalia; p__Chordata; c__Teleostei; o__Eupercaria/misc; f__Sparidae; g__Sparus; s__aurata
2018537084	k__Animalia; p__Chordata; c__Teleostei; o__Eupercaria/misc; f__Sparidae; g__Spondyliosoma; s__cantharus
1112921042	k__Animalia; p__Chordata; c__Teleostei; o__Gadiformes; f__Gadidae; g__Gadus; s__morhua
1112921686	k__Animalia; p__Chordata; c__Teleostei; o__Gadiformes; f__Gadidae; g__Gadus; s__morhua
1112921714	k__Animalia; p__Chordata; c__Teleostei; o__Gadiformes; f__Gadidae; g__Gadus; s__morhua
194304015	k__Animalia; p__Chordata; c__Teleostei; o__Gadiformes; f__Gadidae; g__Gadus; s__morhua
2456435458	k__Animalia; p__Chordata; c__Teleostei; o__Gadiformes; f__Gadidae; g__Gadus; s__morhua
2456435612	k__Animalia; p__Chordata; c__Teleostei; o__Gadiformes; f__Gadidae; g__Gadus; s__morhua
2456435654	k__Animalia; p__Chordata; c__Teleostei; o__Gadiformes; f__Gadidae; g__Gadus; s__morhua
124377065	k__Animalia; p__Chordata; c__Teleostei; o__Gadiformes; f__Gadidae; g__Melanogrammus; s__aeglefinus
66802157	k__Animalia; p__Chordata; c__Teleostei; o__Gadiformes; f__Gadidae; g__Merlangius; s__merlangus
2719437839	k__Animalia; p__Chordata; c__Teleostei; o__Gadiformes; f__Gadidae; g__Micromesistius; s__poutassou
322422647	k__Animalia; p__Chordata; c__Teleostei; o__Gadiformes; f__Gadidae; g__Pollachius; s__pollachius
821091566	k__Animalia; p__Chordata; c__Teleostei; o__Gadiformes; f__Gadidae; g__Pollachius; s__pollachius
55956573	k__Animalia; p__Chordata; c__Teleostei; o__Gadiformes; f__Gadidae; g__Trisopterus; s__esmarkii
1798174239	k__Animalia; p__Chordata; c__Teleostei; o__Gadiformes; f__Gadidae; g__Trisopterus; s__luscus
2018537251	k__Animalia; p__Chordata; c__Teleostei; o__Gadiformes; f__Gadidae; g__Trisopterus; s__minutus
2018537168	k__Animalia; p__Chordata; c__Teleostei; o__Gadiformes; f__Gaidropsaridae; g__Ciliata; s__mustela
906357330	k__Animalia; p__Chordata; c__Teleostei; o__Gadiformes; f__Gaidropsaridae; g__Ciliata; s__mustela
2018537219	k__Animalia; p__Chordata; c__Teleostei; o__Gadiformes; f__Gaidropsaridae; g__Ciliata; s__septentrionalis
2018537245	k__Animalia; p__Chordata; c__Teleostei; o__Gadiformes; f__Gaidropsaridae; g__Ciliata; s__septentrionalis
2028741865	k__Animalia; p__Chordata; c__Teleostei; o__Gadiformes; f__Gaidropsaridae; g__Enchelyopus; s__cimbrius
2329468151	k__Animalia; p__Chordata; c__Teleostei; o__Gadiformes; f__Gaidropsaridae; g__Enchelyopus; s__cimbrius
2333440938	k__Animalia; p__Chordata; c__Teleostei; o__Gadiformes; f__Gaidropsaridae; g__Gaidropsarus; s__argentatus
1918447666	k__Animalia; p__Chordata; c__Teleostei; o__Gadiformes; f__Lotidae; g__Brosme; s__brosme
985567161	k__Animalia; p__Chordata; c__Teleostei; o__Gadiformes; f__Lotidae; g__Brosme; s__brosme
2028741883	k__Animalia; p__Chordata; c__Teleostei; o__Gadiformes; f__Lotidae; g__Molva; s__dypterygia
821091560	k__Animalia; p__Chordata; c__Teleostei; o__Gadiformes; f__Lotidae; g__Molva; s__molva
2576857150	k__Animalia; p__Chordata; c__Teleostei; o__Gadiformes; f__Macrouridae; g__Coelorinchus; s__caelorhincus
1391894971	k__Animalia; p__Chordata; c__Teleostei; o__Gadiformes; f__Macrouridae; g__Coelorinchus; s__labiatus
2576857038	k__Animalia; p__Chordata; c__Teleostei; o__Gadiformes; f__Macrouridae; g__Coryphaenoides; s__armatus
1918447659	k__Animalia; p__Chordata; c__Teleostei; o__Gadiformes; f__Macrouridae; g__Coryphaenoides; s__guentheri
2333440930	k__Animalia; p__Chordata; c__Teleostei; o__Gadiformes; f__Macrouridae; g__Coryphaenoides; s__rupestris
27549249	k__Animalia; p__Chordata; c__Teleostei; o__Gadiformes; f__Macrouridae; g__Coryphaenoides; s__rupestris
1918447660	k__Animalia; p__Chordata; c__Teleostei; o__Gadiformes; f__Macrouridae; g__Macrourus; s__berglax
2591481936	k__Animalia; p__Chordata; c__Teleostei; o__Gadiformes; f__Macrouridae; g__Malacocephalus; s__laevis
1897352085	k__Animalia; p__Chordata; c__Teleostei; o__Gadiformes; f__Merlucciidae; g__Merluccius; s__merluccius
2018537145	k__Animalia; p__Chordata; c__Teleostei; o__Gadiformes; f__Merlucciidae; g__Merluccius; s__merluccius
2178620756	k__Animalia; p__Chordata; c__Teleostei; o__Gadiformes; f__Moridae; g__Halargyreus; s__johnsonii
1275605683	k__Animalia; p__Chordata; c__Teleostei; o__Gadiformes; f__Moridae; g__Lepidion; s__lepidion
2927769144	k__Animalia; p__Chordata; c__Teleostei; o__Gadiformes; f__Moridae; g__Mora; s__moro
2927769138	k__Animalia; p__Chordata; c__Teleostei; o__Gadiformes; f__Phycidae; g__Phycis; s__blennoides
2557040011	k__Animalia; p__Chordata; c__Teleostei; o__Gadiformes; f__Phycidae; g__Urophycis; s__chuss
2557040012	k__Animalia; p__Chordata; c__Teleostei; o__Gadiformes; f__Phycidae; g__Urophycis; s__chuss
2028741898	k__Animalia; p__Chordata; c__Teleostei; o__Gadiformes; f__Ranicipitidae; g__Raniceps; s__raninus
2018537264	k__Animalia; p__Chordata; c__Teleostei; o__Gobiesociformes; f__Gobiesocidae; g__Apletodon; s__dentatus
2018537095	k__Animalia; p__Chordata; c__Teleostei; o__Gobiesociformes; f__Gobiesocidae; g__Diplecogaster; s__bimaculata
2972160291	k__Animalia; p__Chordata; c__Teleostei; o__Gobiesociformes; f__Gobiesocidae; g__Lepadogaster; s__candolii
146330276	k__Animalia; p__Chordata; c__Teleostei; o__Gobiiformes; f__Gobiidae; g__Aphia; s__minuta
2018537055	k__Animalia; p__Chordata; c__Teleostei; o__Gobiiformes; f__Gobiidae; g__Aphia; s__minuta
2018537056	k__Animalia; p__Chordata; c__Teleostei; o__Gobiiformes; f__Gobiidae; g__Aphia; s__minuta
146330288	k__Animalia; p__Chordata; c__Teleostei; o__Gobiiformes; f__Gobiidae; g__Crystallogobius; s__linearis
1799624505	k__Animalia; p__Chordata; c__Teleostei; o__Gobiiformes; f__Gobiidae; g__Crystallogobius; s__linearis
146330282	k__Animalia; p__Chordata; c__Teleostei; o__Gobiiformes; f__Gobiidae; g__Gobius; s__cobitis
3108822412	k__Animalia; p__Chordata; c__Teleostei; o__Gobiiformes; f__Gobiidae; g__Gobius; s__cobitis
146330279	k__Animalia; p__Chordata; c__Teleostei; o__Gobiiformes; f__Gobiidae; g__Gobius; s__cruentatus
2510680055	k__Animalia; p__Chordata; c__Teleostei; o__Gobiiformes; f__Gobiidae; g__Gobius; s__niger
146330289	k__Animalia; p__Chordata; c__Teleostei; o__Gobiiformes; f__Gobiidae; g__Gobius; s__paganellus
2018537155	k__Animalia; p__Chordata; c__Teleostei; o__Gobiiformes; f__Gobiidae; g__Gobius; s__paganellus
146330277	k__Animalia; p__Chordata; c__Teleostei; o__Gobiiformes; f__Gobiidae; g__Lesueurigobius; s__friesii
1980526525	k__Animalia; p__Chordata; c__Teleostei; o__Gobiiformes; f__Gobiidae; g__Neogobius; s__melanostomus
2082965266	k__Animalia; p__Chordata; c__Teleostei; o__Gobiiformes; f__Gobiidae; g__Neogobius; s__melanostomus
2082965267	k__Animalia; p__Chordata; c__Teleostei; o__Gobiiformes; f__Gobiidae; g__Neogobius; s__melanostomus
2282233598	k__Animalia; p__Chordata; c__Teleostei; o__Gobiiformes; f__Gobiidae; g__Neogobius; s__melanostomus
1898139810	k__Animalia; p__Chordata; c__Teleostei; o__Gobiiformes; f__Gobiidae; g__Pomatoschistus; s__flavescens
2018537242	k__Animalia; p__Chordata; c__Teleostei; o__Gobiiformes; f__Gobiidae; g__Pomatoschistus; s__flavescens
2018537058	k__Animalia; p__Chordata; c__Teleostei; o__Gobiiformes; f__Gobiidae; g__Pomatoschistus; s__microps
146330286	k__Animalia; p__Chordata; c__Teleostei; o__Gobiiformes; f__Gobiidae; g__Pomatoschistus; s__minutus
2018537197	k__Animalia; p__Chordata; c__Teleostei; o__Gobiiformes; f__Gobiidae; g__Pomatoschistus; s__minutus
2018537159	k__Animalia; p__Chordata; c__Teleostei; o__Gobiiformes; f__Gobiidae; g__Pomatoschistus; s__pictus
2018537160	k__Animalia; p__Chordata; c__Teleostei; o__Gobiiformes; f__Gobiidae; g__Pomatoschistus; s__pictus
2028741896	k__Animalia; p__Chordata; c__Teleostei; o__Gobiiformes; f__Gobiidae; g__Pomatoschistus; s__pictus
4321422	k__Animalia; p__Chordata; c__Teleostei; o__Lampriformes; f__Lampridae; g__Lampris; s__guttatus
985567141	k__Animalia; p__Chordata; c__Teleostei; o__Lampriformes; f__Lampridae; g__Lampris; s__guttatus
4321424	k__Animalia; p__Chordata; c__Teleostei; o__Lampriformes; f__Regalecidae; g__Regalecus; s__glesne
2028741904	k__Animalia; p__Chordata; c__Teleostei; o__Lampriformes; f__Trachipteridae; g__Trachipterus; s__arcticus
2491777291	k__Animalia; p__Chordata; c__Teleostei; o__Lophiiformes; f__Ceratiidae; g__Ceratias; s__holboelli
2028525063	k__Animalia; p__Chordata; c__Teleostei; o__Lophiiformes; f__Himantolophidae; g__Himantolophus; s__groenlandicus
1896498877	k__Animalia; p__Chordata; c__Teleostei; o__Lophiiformes; f__Lophiidae; g__Lophius; s__budegassa
14530131	k__Animalia; p__Chordata; c__Teleostei; o__Lophiiformes; f__Lophiidae; g__Lophius; s__piscatorius
1776323453	k__Animalia; p__Chordata; c__Teleostei; o__Lophiiformes; f__Lophiidae; g__Lophius; s__piscatorius
203284812	k__Animalia; p__Chordata; c__Teleostei; o__Mugiliformes; f__Mugilidae; g__Chelon; s__auratus
661414448	k__Animalia; p__Chordata; c__Teleostei; o__Mugiliformes; f__Mugilidae; g__Chelon; s__labrosus
2018537125	k__Animalia; p__Chordata; c__Teleostei; o__Mugiliformes; f__Mugilidae; g__Chelon; s__ramada
1209184570	k__Animalia; p__Chordata; c__Teleostei; o__Mugiliformes; f__Mugilidae; g__Mugil; s__cephalus
1860606065	k__Animalia; p__Chordata; c__Teleostei; o__Mugiliformes; f__Mugilidae; g__Mugil; s__cephalus
203284803	k__Animalia; p__Chordata; c__Teleostei; o__Mugiliformes; f__Mugilidae; g__Mugil; s__cephalus
2494998042	k__Animalia; p__Chordata; c__Teleostei; o__Mugiliformes; f__Mugilidae; g__Mugil; s__cephalus
906357334	k__Animalia; p__Chordata; c__Teleostei; o__Mugiliformes; f__Mugilidae; g__Mugil; s__cephalus
1894451003	k__Animalia; p__Chordata; c__Teleostei; o__Mulliformes; f__Mullidae; g__Mullus; s__surmuletus
2697212028	k__Animalia; p__Chordata; c__Teleostei; o__Mulliformes; f__Mullidae; g__Mullus; s__surmuletus
1918447562	k__Animalia; p__Chordata; c__Teleostei; o__Myctophiformes; f__Myctophidae; g__Diaphus; s__metopoclampus
2497635872	k__Animalia; p__Chordata; c__Teleostei; o__Myctophiformes; f__Myctophidae; g__Diaphus; s__metopoclampus
1018242365	k__Animalia; p__Chordata; c__Teleostei; o__Myctophiformes; f__Myctophidae; g__Diaphus; s__rafinesquii
2491776962	k__Animalia; p__Chordata; c__Teleostei; o__Myctophiformes; f__Myctophidae; g__Electrona; s__risso
985565307	k__Animalia; p__Chordata; c__Teleostei; o__Myctophiformes; f__Myctophidae; g__Electrona; s__risso
1018241342	k__Animalia; p__Chordata; c__Teleostei; o__Myctophiformes; f__Myctophidae; g__Hygophum; s__benoiti
441416183	k__Animalia; p__Chordata; c__Teleostei; o__Myctophiformes; f__Myctophidae; g__Lampanyctus; s__crocodilus
1918447652	k__Animalia; p__Chordata; c__Teleostei; o__Myctophiformes; f__Myctophidae; g__Lampanyctus; s__intricarius
2333440946	k__Animalia; p__Chordata; c__Teleostei; o__Myctophiformes; f__Myctophidae; g__Lampanyctus; s__intricarius
1918447624	k__Animalia; p__Chordata; c__Teleostei; o__Myctophiformes; f__Myctophidae; g__Lampanyctus; s__macdonaldi
2208847203	k__Animalia; p__Chordata; c__Teleostei; o__Myctophiformes; f__Myctophidae; g__Lampanyctus; s__pusillus
2208847204	k__Animalia; p__Chordata; c__Teleostei; o__Myctophiformes; f__Myctophidae; g__Lampanyctus; s__pusillus
2208847214	k__Animalia; p__Chordata; c__Teleostei; o__Myctophiformes; f__Myctophidae; g__Myctophum; s__punctatum
2497635822	k__Animalia; p__Chordata; c__Teleostei; o__Myctophiformes; f__Myctophidae; g__Myctophum; s__punctatum
441415918	k__Animalia; p__Chordata; c__Teleostei; o__Myctophiformes; f__Myctophidae; g__Myctophum; s__punctatum
2208847215	k__Animalia; p__Chordata; c__Teleostei; o__Myctophiformes; f__Myctophidae; g__Notolychnus; s__valdiviae
2491777140	k__Animalia; p__Chordata; c__Teleostei; o__Myctophiformes; f__Myctophidae; g__Notolychnus; s__valdiviae
2580283121	k__Animalia; p__Chordata; c__Teleostei; o__Myctophiformes; f__Myctophidae; g__Notolychnus; s__valdiviae
2497635806	k__Animalia; p__Chordata; c__Teleostei; o__Myctophiformes; f__Myctophidae; g__Symbolophorus; s__veranyi
1834960270	k__Animalia; p__Chordata; c__Teleostei; o__Notacanthiformes; f__Notacanthidae; g__Notacanthus; s__bonaparte
1561110969	k__Animalia; p__Chordata; c__Teleostei; o__Notacanthiformes; f__Notacanthidae; g__Notacanthus; s__chemnitzii
985564850	k__Animalia; p__Chordata; c__Teleostei; o__Notacanthiformes; f__Notacanthidae; g__Notacanthus; s__chemnitzii
1009080591	k__Animalia; p__Chordata; c__Teleostei; o__Ophidiiformes; f__Carapidae; g__Echiodon; s__drummondii
1293099595	k__Animalia; p__Chordata; c__Teleostei; o__Ophidiiformes; f__Ophidiidae; g__Spectrunculus; s__grandis
1530725254	k__Animalia; p__Chordata; c__Teleostei; o__Osmeriformes; f__Osmeridae; g__Osmerus; s__eperlanus
3071319367	k__Animalia; p__Chordata; c__Teleostei; o__Perciformes/Cottoidei; f__Agonidae; g__Agonus; s__cataphractus
2333441014	k__Animalia; p__Chordata; c__Teleostei; o__Perciformes/Cottoidei; f__Cottidae; g__Icelus; s__bicornis
2018537053	k__Animalia; p__Chordata; c__Teleostei; o__Perciformes/Cottoidei; f__Cottidae; g__Micrenophrys; s__lilljeborgii
985565808	k__Animalia; p__Chordata; c__Teleostei; o__Perciformes/Cottoidei; f__Cottidae; g__Myoxocephalus; s__scorpius
2018537032	k__Animalia; p__Chordata; c__Teleostei; o__Perciformes/Cottoidei; f__Cottidae; g__Taurulus; s__bubalis
2018537103	k__Animalia; p__Chordata; c__Teleostei; o__Perciformes/Cottoidei; f__Cottidae; g__Taurulus; s__bubalis
2063797987	k__Animalia; p__Chordata; c__Teleostei; o__Perciformes/Cottoidei; f__Cottidae; g__Taurulus; s__bubalis
669175243	k__Animalia; p__Chordata; c__Teleostei; o__Perciformes/Cottoidei; f__Cottidae; g__Taurulus; s__bubalis
1790179336	k__Animalia; p__Chordata; c__Teleostei; o__Perciformes/Cottoidei; f__Cottidae; g__Triglops; s__murrayi
1825511900	k__Animalia; p__Chordata; c__Teleostei; o__Perciformes/Cottoidei; f__Cottidae; g__Triglops; s__murrayi
1798174185	k__Animalia; p__Chordata; c__Teleostei; o__Perciformes/Cottoidei; f__Cyclopteridae; g__Cyclopterus; s__lumpus
2333440934	k__Animalia; p__Chordata; c__Teleostei; o__Perciformes/Cottoidei; f__Cyclopteridae; g__Cyclopterus; s__lumpus
2018537194	k__Animalia; p__Chordata; c__Teleostei; o__Perciformes/Cottoidei; f__Liparidae; g__Liparis; s__liparis
2018537229	k__Animalia; p__Chordata; c__Teleostei; o__Perciformes/Cottoidei; f__Liparidae; g__Liparis; s__liparis
2018537195	k__Animalia; p__Chordata; c__Teleostei; o__Perciformes/Cottoidei; f__Liparidae; g__Liparis; s__montagui
1790179390	k__Animalia; p__Chordata; c__Teleostei; o__Perciformes/Cottoidei; f__Psychrolutidae; g__Cottunculus; s__microps
1096114283	k__Animalia; p__Chordata; c__Teleostei; o__Perciformes/Gasterosteoidei; f__Gasterosteidae; g__Gasterosteus; s__aculeatus
1993261556	k__Animalia; p__Chordata; c__Teleostei; o__Perciformes/Gasterosteoidei; f__Gasterosteidae; g__Gasterosteus; s__aculeatus
2283864942	k__Animalia; p__Chordata; c__Teleostei; o__Perciformes/Gasterosteoidei; f__Gasterosteidae; g__Gasterosteus; s__aculeatus
2370815897	k__Animalia; p__Chordata; c__Teleostei; o__Perciformes/Gasterosteoidei; f__Gasterosteidae; g__Gasterosteus; s__aculeatus
2442103830	k__Animalia; p__Chordata; c__Teleostei; o__Perciformes/Gasterosteoidei; f__Gasterosteidae; g__Gasterosteus; s__aculeatus
2483755360	k__Animalia; p__Chordata; c__Teleostei; o__Perciformes/Gasterosteoidei; f__Gasterosteidae; g__Gasterosteus; s__aculeatus
2904573492	k__Animalia; p__Chordata; c__Teleostei; o__Perciformes/Gasterosteoidei; f__Gasterosteidae; g__Gasterosteus; s__aculeatus
725542207	k__Animalia; p__Chordata; c__Teleostei; o__Perciformes/Gasterosteoidei; f__Gasterosteidae; g__Gasterosteus; s__aculeatus
988043847	k__Animalia; p__Chordata; c__Teleostei; o__Perciformes/Gasterosteoidei; f__Gasterosteidae; g__Pungitius; s__laevis
988043861	k__Animalia; p__Chordata; c__Teleostei; o__Perciformes/Gasterosteoidei; f__Gasterosteidae; g__Pungitius; s__laevis
2018537031	k__Animalia; p__Chordata; c__Teleostei; o__Perciformes/Gasterosteoidei; f__Gasterosteidae; g__Spinachia; s__spinachia
212725639	k__Animalia; p__Chordata; c__Teleostei; o__Perciformes/Gasterosteoidei; f__Gasterosteidae; g__Spinachia; s__spinachia
2018537081	k__Animalia; p__Chordata; c__Teleostei; o__Perciformes/Percoidei; f__Trachinidae; g__Echiichthys; s__vipera
1798174213	k__Animalia; p__Chordata; c__Teleostei; o__Perciformes/Percoidei; f__Trachinidae; g__Trachinus; s__draco
1894451044	k__Animalia; p__Chordata; c__Teleostei; o__Perciformes/Scorpaenoidei; f__Scorpaenidae; g__Scorpaena; s__porcus
1843818491	k__Animalia; p__Chordata; c__Teleostei; o__Perciformes/Scorpaenoidei; f__Scorpaenidae; g__Scorpaena; s__scrofa
1894451049	k__Animalia; p__Chordata; c__Teleostei; o__Perciformes/Scorpaenoidei; f__Scorpaenidae; g__Scorpaena; s__scrofa
1788585327	k__Animalia; p__Chordata; c__Teleostei; o__Perciformes/Scorpaenoidei; f__Sebastidae; g__Helicolenus; s__dactylopterus
2088232204	k__Animalia; p__Chordata; c__Teleostei; o__Perciformes/Scorpaenoidei; f__Sebastidae; g__Sebastes; s__norvegicus
1980526459	k__Animalia; p__Chordata; c__Teleostei; o__Perciformes/Scorpaenoidei; f__Sebastidae; g__Sebastes; s__viviparus
2028741858	k__Animalia; p__Chordata; c__Teleostei; o__Perciformes/Scorpaenoidei; f__Triglidae; g__Chelidonichthys; s__cuculus
2018537067	k__Animalia; p__Chordata; c__Teleostei; o__Perciformes/Scorpaenoidei; f__Triglidae; g__Chelidonichthys; s__lastoviza
2018537078	k__Animalia; p__Chordata; c__Teleostei; o__Perciformes/Scorpaenoidei; f__Triglidae; g__Chelidonichthys; s__lastoviza
2018537080	k__Animalia; p__Chordata; c__Teleostei; o__Perciformes/Scorpaenoidei; f__Triglidae; g__Chelidonichthys; s__lucerna
2188144269	k__Animalia; p__Chordata; c__Teleostei; o__Perciformes/Scorpaenoidei; f__Triglidae; g__Chelidonichthys; s__lucerna
3030954970	k__Animalia; p__Chordata; c__Teleostei; o__Perciformes/Scorpaenoidei; f__Triglidae; g__Chelidonichthys; s__lucerna
2018537211	k__Animalia; p__Chordata; c__Teleostei; o__Perciformes/Scorpaenoidei; f__Triglidae; g__Eutrigla; s__gurnardus
2028741867	k__Animalia; p__Chordata; c__Teleostei; o__Perciformes/Scorpaenoidei; f__Triglidae; g__Eutrigla; s__gurnardus
1843818471	k__Animalia; p__Chordata; c__Teleostei; o__Perciformes/Serranoidei; f__Epinephelidae; g__Epinephelus; s__marginatus
2715331415	k__Animalia; p__Chordata; c__Teleostei; o__Perciformes/Serranoidei; f__Epinephelidae; g__Epinephelus; s__marginatus
1894451032	k__Animalia; p__Chordata; c__Teleostei; o__Perciformes/Serranoidei; f__Serranidae; g__Serranus; s__cabrilla
2018537270	k__Animalia; p__Chordata; c__Teleostei; o__Perciformes/Uranoscopoidei; f__Ammodytidae; g__Ammodytes; s__marinus
2500143734	k__Animalia; p__Chordata; c__Teleostei; o__Perciformes/Uranoscopoidei; f__Ammodytidae; g__Ammodytes; s__marinus
2018537079	k__Animalia; p__Chordata; c__Teleostei; o__Perciformes/Uranoscopoidei; f__Ammodytidae; g__Ammodytes; s__tobianus
2028741869	k__Animalia; p__Chordata; c__Teleostei; o__Perciformes/Uranoscopoidei; f__Ammodytidae; g__Gymnammodytes; s__semisquamatus
2018537179	k__Animalia; p__Chordata; c__Teleostei; o__Perciformes/Uranoscopoidei; f__Ammodytidae; g__Hyperoplus; s__immaculatus
2452988784	k__Animalia; p__Chordata; c__Teleostei; o__Perciformes/Uranoscopoidei; f__Ammodytidae; g__Hyperoplus; s__immaculatus
2018537117	k__Animalia; p__Chordata; c__Teleostei; o__Perciformes/Uranoscopoidei; f__Ammodytidae; g__Hyperoplus; s__lanceolatus
1188235554	k__Animalia; p__Chordata; c__Teleostei; o__Perciformes/Zoarcoidei; f__Anarhichadidae; g__Anarhichas; s__lupus
1188236408	k__Animalia; p__Chordata; c__Teleostei; o__Perciformes/Zoarcoidei; f__Anarhichadidae; g__Anarhichas; s__lupus
1898139782	k__Animalia; p__Chordata; c__Teleostei; o__Perciformes/Zoarcoidei; f__Lumpenidae; g__Leptoclinus; s__maculatus
874508174	k__Animalia; p__Chordata; c__Teleostei; o__Perciformes/Zoarcoidei; f__Lumpenidae; g__Leptoclinus; s__maculatus
985563323	k__Animalia; p__Chordata; c__Teleostei; o__Perciformes/Zoarcoidei; f__Lumpenidae; g__Leptoclinus; s__maculatus
985566736	k__Animalia; p__Chordata; c__Teleostei; o__Perciformes/Zoarcoidei; f__Lumpenidae; g__Leptoclinus; s__maculatus
1790179515	k__Animalia; p__Chordata; c__Teleostei; o__Perciformes/Zoarcoidei; f__Lumpenidae; g__Lumpenus; s__lampretaeformis
1896498891	k__Animalia; p__Chordata; c__Teleostei; o__Perciformes/Zoarcoidei; f__Lumpenidae; g__Lumpenus; s__lampretaeformis
1980526482	k__Animalia; p__Chordata; c__Teleostei; o__Perciformes/Zoarcoidei; f__Pholidae; g__Pholis; s__gunnellus
2063798826	k__Animalia; p__Chordata; c__Teleostei; o__Perciformes/Zoarcoidei; f__Pholidae; g__Pholis; s__gunnellus
1898139880	k__Animalia; p__Chordata; c__Teleostei; o__Perciformes/Zoarcoidei; f__Stichaeidae; g__Chirolophis; s__ascanii
2028741879	k__Animalia; p__Chordata; c__Teleostei; o__Perciformes/Zoarcoidei; f__Zoarcidae; g__Lycenchelys; s__sarsii
1918447753	k__Animalia; p__Chordata; c__Teleostei; o__Perciformes/Zoarcoidei; f__Zoarcidae; g__Lycodes; s__esmarkii
1209184845	k__Animalia; p__Chordata; c__Teleostei; o__Perciformes/Zoarcoidei; f__Zoarcidae; g__Lycodes; s__vahlii
1896498905	k__Animalia; p__Chordata; c__Teleostei; o__Perciformes/Zoarcoidei; f__Zoarcidae; g__Lycodes; s__vahlii
2333441089	k__Animalia; p__Chordata; c__Teleostei; o__Perciformes/Zoarcoidei; f__Zoarcidae; g__Lycodes; s__vahlii
22532256	k__Animalia; p__Chordata; c__Teleostei; o__Pleuronectiformes; f__Achiridae; g__Trinectes; s__maculatus
2557039319	k__Animalia; p__Chordata; c__Teleostei; o__Pleuronectiformes; f__Achiridae; g__Trinectes; s__maculatus
2557040241	k__Animalia; p__Chordata; c__Teleostei; o__Pleuronectiformes; f__Achiridae; g__Trinectes; s__maculatus
2188144290	k__Animalia; p__Chordata; c__Teleostei; o__Pleuronectiformes; f__Bothidae; g__Arnoglossus; s__imperialis
2018537249	k__Animalia; p__Chordata; c__Teleostei; o__Pleuronectiformes; f__Bothidae; g__Arnoglossus; s__laterna
1788585436	k__Animalia; p__Chordata; c__Teleostei; o__Pleuronectiformes; f__Pleuronectidae; g__Glyptocephalus; s__cynoglossus
1898137426	k__Animalia; p__Chordata; c__Teleostei; o__Pleuronectiformes; f__Pleuronectidae; g__Glyptocephalus; s__cynoglossus
1799624449	k__Animalia; p__Chordata; c__Teleostei; o__Pleuronectiformes; f__Pleuronectidae; g__Hippoglossoides; s__platessoides
153581712	k__Animalia; p__Chordata; c__Teleostei; o__Pleuronectiformes; f__Pleuronectidae; g__Hippoglossus; s__hippoglossus
2987591867	k__Animalia; p__Chordata; c__Teleostei; o__Pleuronectiformes; f__Pleuronectidae; g__Hippoglossus; s__hippoglossus
2616782199	k__Animalia; p__Chordata; c__Teleostei; o__Pleuronectiformes; f__Pleuronectidae; g__Limanda; s__limanda
1798174225	k__Animalia; p__Chordata; c__Teleostei; o__Pleuronectiformes; f__Pleuronectidae; g__Microstomus; s__kitt
2018537099	k__Animalia; p__Chordata; c__Teleostei; o__Pleuronectiformes; f__Pleuronectidae; g__Platichthys; s__flesus
2018537075	k__Animalia; p__Chordata; c__Teleostei; o__Pleuronectiformes; f__Pleuronectidae; g__Pleuronectes; s__platessa
2362857258	k__Animalia; p__Chordata; c__Teleostei; o__Pleuronectiformes; f__Pleuronectidae; g__Pleuronectes; s__platessa
1391895055	k__Animalia; p__Chordata; c__Teleostei; o__Pleuronectiformes; f__Pleuronectidae; g__Reinhardtius; s__hippoglossoides
154090907	k__Animalia; p__Chordata; c__Teleostei; o__Pleuronectiformes; f__Pleuronectidae; g__Reinhardtius; s__hippoglossoides
2018537228	k__Animalia; p__Chordata; c__Teleostei; o__Pleuronectiformes; f__Scophthalmidae; g__Lepidorhombus; s__whiffiagonis
2018537180	k__Animalia; p__Chordata; c__Teleostei; o__Pleuronectiformes; f__Scophthalmidae; g__Phrynorhombus; s__norvegicus
1736641955	k__Animalia; p__Chordata; c__Teleostei; o__Pleuronectiformes; f__Scophthalmidae; g__Scophthalmus; s__maximus
2018537115	k__Animalia; p__Chordata; c__Teleostei; o__Pleuronectiformes; f__Scophthalmidae; g__Scophthalmus; s__rhombus
1898139628	k__Animalia; p__Chordata; c__Teleostei; o__Pleuronectiformes; f__Scophthalmidae; g__Zeugopterus; s__punctatus
2188144276	k__Animalia; p__Chordata; c__Teleostei; o__Pleuronectiformes; f__Scophthalmidae; g__Zeugopterus; s__punctatus
2018537265	k__Animalia; p__Chordata; c__Teleostei; o__Pleuronectiformes; f__Scophthalmidae; g__Zeugopterus; s__regius
2028741855	k__Animalia; p__Chordata; c__Teleostei; o__Pleuronectiformes; f__Soleidae; g__Buglossidium; s__luteum
2208847211	k__Animalia; p__Chordata; c__Teleostei; o__Pleuronectiformes; f__Soleidae; g__Microchirus; s__variegatus
2578658292	k__Animalia; p__Chordata; c__Teleostei; o__Pleuronectiformes; f__Soleidae; g__Microchirus; s__variegatus
2018537093	k__Animalia; p__Chordata; c__Teleostei; o__Pleuronectiformes; f__Soleidae; g__Pegusa; s__lascaris
2018537040	k__Animalia; p__Chordata; c__Teleostei; o__Pleuronectiformes; f__Soleidae; g__Solea; s__solea
985566953	k__Animalia; p__Chordata; c__Teleostei; o__Salmoniformes; f__Salmonidae; g__Oncorhynchus; s__gorbuscha
1585113469	k__Animalia; p__Chordata; c__Teleostei; o__Salmoniformes; f__Salmonidae; g__Oncorhynchus; s__kisutch
194398793	k__Animalia; p__Chordata; c__Teleostei; o__Salmoniformes; f__Salmonidae; g__Salmo; s__salar
194398794	k__Animalia; p__Chordata; c__Teleostei; o__Salmoniformes; f__Salmonidae; g__Salmo; s__salar
2370816550	k__Animalia; p__Chordata; c__Teleostei; o__Salmoniformes; f__Salmonidae; g__Salmo; s__salar
2812967794	k__Animalia; p__Chordata; c__Teleostei; o__Salmoniformes; f__Salmonidae; g__Salmo; s__salar
2033631757	k__Animalia; p__Chordata; c__Teleostei; o__Salmoniformes; f__Salmonidae; g__Salmo; s__trutta
2253741151	k__Animalia; p__Chordata; c__Teleostei; o__Salmoniformes; f__Salmonidae; g__Salmo; s__trutta
2253741193	k__Animalia; p__Chordata; c__Teleostei; o__Salmoniformes; f__Salmonidae; g__Salmo; s__trutta
2370816590	k__Animalia; p__Chordata; c__Teleostei; o__Salmoniformes; f__Salmonidae; g__Salmo; s__trutta
2370816605	k__Animalia; p__Chordata; c__Teleostei; o__Salmoniformes; f__Salmonidae; g__Salmo; s__trutta
2370816643	k__Animalia; p__Chordata; c__Teleostei; o__Salmoniformes; f__Salmonidae; g__Salmo; s__trutta
944543433	k__Animalia; p__Chordata; c__Teleostei; o__Salmoniformes; f__Salmonidae; g__Salmo; s__trutta
1276391932	k__Animalia; p__Chordata; c__Teleostei; o__Salmoniformes; f__Salmonidae; g__Salvelinus; s__alpinus
2370816651	k__Animalia; p__Chordata; c__Teleostei; o__Salmoniformes; f__Salmonidae; g__Salvelinus; s__fontinalis
2714808908	k__Animalia; p__Chordata; c__Teleostei; o__Salmoniformes; f__Salmonidae; g__Salvelinus; s__fontinalis
2497635811	k__Animalia; p__Chordata; c__Teleostei; o__Scombriformes; f__Bramidae; g__Pterycombus; s__brama
2491777070	k__Animalia; p__Chordata; c__Teleostei; o__Scombriformes; f__Bramidae; g__Taractes; s__asper
542132363	k__Animalia; p__Chordata; c__Teleostei; o__Scombriformes; f__Bramidae; g__Taractes; s__asper
2028741857	k__Animalia; p__Chordata; c__Teleostei; o__Scombriformes; f__Centrolophidae; g__Centrolophus; s__niger
1209184588	k__Animalia; p__Chordata; c__Teleostei; o__Scombriformes; f__Gempylidae; g__Lepidocybium; s__flavobrunneum
2307998541	k__Animalia; p__Chordata; c__Teleostei; o__Scombriformes; f__Gempylidae; g__Lepidocybium; s__flavobrunneum
2491776993	k__Animalia; p__Chordata; c__Teleostei; o__Scombriformes; f__Gempylidae; g__Lepidocybium; s__flavobrunneum
2580277082	k__Animalia; p__Chordata; c__Teleostei; o__Scombriformes; f__Gempylidae; g__Lepidocybium; s__flavobrunneum
906357434	k__Animalia; p__Chordata; c__Teleostei; o__Scombriformes; f__Gempylidae; g__Lepidocybium; s__flavobrunneum
2991367823	k__Animalia; p__Chordata; c__Teleostei; o__Scombriformes; f__Gempylidae; g__Nesiarchus; s__nasutus
2991367935	k__Animalia; p__Chordata; c__Teleostei; o__Scombriformes; f__Gempylidae; g__Nesiarchus; s__nasutus
542132433	k__Animalia; p__Chordata; c__Teleostei; o__Scombriformes; f__Gempylidae; g__Nesiarchus; s__nasutus
2859008459	k__Animalia; p__Chordata; c__Teleostei; o__Scombriformes; f__Gempylidae; g__Ruvettus; s__pretiosus
2070998120	k__Animalia; p__Chordata; c__Teleostei; o__Scombriformes; f__Scombridae; g__Auxis; s__rochei
2557040574	k__Animalia; p__Chordata; c__Teleostei; o__Scombriformes; f__Scombridae; g__Auxis; s__rochei
2070998121	k__Animalia; p__Chordata; c__Teleostei; o__Scombriformes; f__Scombridae; g__Auxis; s__thazard
3053320809	k__Animalia; p__Chordata; c__Teleostei; o__Scombriformes; f__Scombridae; g__Auxis; s__thazard
40714141	k__Animalia; p__Chordata; c__Teleostei; o__Scombriformes; f__Scombridae; g__Auxis; s__thazard
906409562	k__Animalia; p__Chordata; c__Teleostei; o__Scombriformes; f__Scombridae; g__Auxis; s__thazard
2070998197	k__Animalia; p__Chordata; c__Teleostei; o__Scombriformes; f__Scombridae; g__Euthynnus; s__alletteratus
27597252	k__Animalia; p__Chordata; c__Teleostei; o__Scombriformes; f__Scombridae; g__Euthynnus; s__alletteratus
2989752562	k__Animalia; p__Chordata; c__Teleostei; o__Scombriformes; f__Scombridae; g__Euthynnus; s__alletteratus
1980526505	k__Animalia; p__Chordata; c__Teleostei; o__Scombriformes; f__Scombridae; g__Sarda; s__sarda
2174708234	k__Animalia; p__Chordata; c__Teleostei; o__Scombriformes; f__Scombridae; g__Scomber; s__japonicus
1799624491	k__Animalia; p__Chordata; c__Teleostei; o__Scombriformes; f__Scombridae; g__Scomber; s__scombrus
4494770	k__Animalia; p__Chordata; c__Teleostei; o__Scombriformes; f__Scombridae; g__Scomber; s__scombrus
2491777040	k__Animalia; p__Chordata; c__Teleostei; o__Scombriformes; f__Scombridae; g__Thunnus; s__alalunga
807199966	k__Animalia; p__Chordata; c__Teleostei; o__Scombriformes; f__Scombridae; g__Thunnus; s__alalunga
807199970	k__Animalia; p__Chordata; c__Teleostei; o__Scombriformes; f__Scombridae; g__Thunnus; s__alalunga
807199975	k__Animalia; p__Chordata; c__Teleostei; o__Scombriformes; f__Scombridae; g__Thunnus; s__alalunga
2491777191	k__Animalia; p__Chordata; c__Teleostei; o__Scombriformes; f__Scombridae; g__Thunnus; s__albacares
1173213948	k__Animalia; p__Chordata; c__Teleostei; o__Scombriformes; f__Scombridae; g__Thunnus; s__thynnus
41323761	k__Animalia; p__Chordata; c__Teleostei; o__Scombriformes; f__Scombridae; g__Thunnus; s__thynnus
41323762	k__Animalia; p__Chordata; c__Teleostei; o__Scombriformes; f__Scombridae; g__Thunnus; s__thynnus
2059554057	k__Animalia; p__Chordata; c__Teleostei; o__Scombriformes; f__Stromateidae; g__Pampus; s__argenteus
641452921	k__Animalia; p__Chordata; c__Teleostei; o__Scombriformes; f__Stromateidae; g__Pampus; s__argenteus
1561111643	k__Animalia; p__Chordata; c__Teleostei; o__Scombriformes; f__Trichiuridae; g__Aphanopus; s__carbo
752502910	k__Animalia; p__Chordata; c__Teleostei; o__Scombriformes; f__Trichiuridae; g__Lepidopus; s__caudatus
2675382888	k__Animalia; p__Chordata; c__Teleostei; o__Stomiiformes; f__Sternoptychidae; g__Argyropelecus; s__hemigymnus
985567013	k__Animalia; p__Chordata; c__Teleostei; o__Stomiiformes; f__Sternoptychidae; g__Argyropelecus; s__hemigymnus
2333441060	k__Animalia; p__Chordata; c__Teleostei; o__Stomiiformes; f__Sternoptychidae; g__Argyropelecus; s__olfersii
2497635880	k__Animalia; p__Chordata; c__Teleostei; o__Stomiiformes; f__Sternoptychidae; g__Argyropelecus; s__olfersii
1561111636	k__Animalia; p__Chordata; c__Teleostei; o__Stomiiformes; f__Sternoptychidae; g__Maurolicus; s__muelleri
1935447636	k__Animalia; p__Chordata; c__Teleostei; o__Stomiiformes; f__Sternoptychidae; g__Sternoptyx; s__diaphana
985567027	k__Animalia; p__Chordata; c__Teleostei; o__Stomiiformes; f__Sternoptychidae; g__Sternoptyx; s__diaphana
165932451	k__Animalia; p__Chordata; c__Teleostei; o__Syngnathiformes; f__Centriscidae; g__Macroramphosus; s__scolopax
2989059545	k__Animalia; p__Chordata; c__Teleostei; o__Syngnathiformes; f__Centriscidae; g__Macroramphosus; s__scolopax
2018537230	k__Animalia; p__Chordata; c__Teleostei; o__Syngnathiformes; f__Syngnathidae; g__Entelurus; s__aequoreus
2028741870	k__Animalia; p__Chordata; c__Teleostei; o__Syngnathiformes; f__Syngnathidae; g__Hippocampus; s__guttulatus
1770689351	k__Animalia; p__Chordata; c__Teleostei; o__Syngnathiformes; f__Syngnathidae; g__Hippocampus; s__hippocampus
2018537217	k__Animalia; p__Chordata; c__Teleostei; o__Syngnathiformes; f__Syngnathidae; g__Hippocampus; s__hippocampus
1946840958	k__Animalia; p__Chordata; c__Teleostei; o__Syngnathiformes; f__Syngnathidae; g__Nerophis; s__lumbriciformis
1946840978	k__Animalia; p__Chordata; c__Teleostei; o__Syngnathiformes; f__Syngnathidae; g__Nerophis; s__lumbriciformis
1946840999	k__Animalia; p__Chordata; c__Teleostei; o__Syngnathiformes; f__Syngnathidae; g__Nerophis; s__lumbriciformis
1946841028	k__Animalia; p__Chordata; c__Teleostei; o__Syngnathiformes; f__Syngnathidae; g__Nerophis; s__lumbriciformis
1946841049	k__Animalia; p__Chordata; c__Teleostei; o__Syngnathiformes; f__Syngnathidae; g__Nerophis; s__lumbriciformis
1946841054	k__Animalia; p__Chordata; c__Teleostei; o__Syngnathiformes; f__Syngnathidae; g__Nerophis; s__lumbriciformis
2018537174	k__Animalia; p__Chordata; c__Teleostei; o__Syngnathiformes; f__Syngnathidae; g__Nerophis; s__lumbriciformis
2028741886	k__Animalia; p__Chordata; c__Teleostei; o__Syngnathiformes; f__Syngnathidae; g__Nerophis; s__ophidion
1868778477	k__Animalia; p__Chordata; c__Teleostei; o__Syngnathiformes; f__Syngnathidae; g__Syngnathus; s__acus
2018537244	k__Animalia; p__Chordata; c__Teleostei; o__Syngnathiformes; f__Syngnathidae; g__Syngnathus; s__rostellatus
2018537266	k__Animalia; p__Chordata; c__Teleostei; o__Syngnathiformes; f__Syngnathidae; g__Syngnathus; s__rostellatus
1028909032	k__Animalia; p__Chordata; c__Teleostei; o__Syngnathiformes; f__Syngnathidae; g__Syngnathus; s__typhle
1918447595	k__Animalia; p__Chordata; c__Teleostei; o__Syngnathiformes; f__Syngnathidae; g__Syngnathus; s__typhle
2580278094	k__Animalia; p__Chordata; c__Teleostei; o__Tetraodontiformes; f__Balistidae; g__Balistes; s__capriscus
56684220	k__Animalia; p__Chordata; c__Teleostei; o__Tetraodontiformes; f__Balistidae; g__Balistes; s__capriscus
221145421	k__Animalia; p__Chordata; c__Teleostei; o__Tetraodontiformes; f__Balistidae; g__Canthidermis; s__maculata
1515576550	k__Animalia; p__Chordata; c__Teleostei; o__Tetraodontiformes; f__Molidae; g__Mola; s__mola
2158816277	k__Animalia; p__Chordata; c__Teleostei; o__Tetraodontiformes; f__Molidae; g__Mola; s__mola
2580278148	k__Animalia; p__Chordata; c__Teleostei; o__Tetraodontiformes; f__Molidae; g__Mola; s__mola
2592186541	k__Animalia; p__Chordata; c__Teleostei; o__Tetraodontiformes; f__Molidae; g__Ranzania; s__laevis
2327757717	k__Animalia; p__Chordata; c__Teleostei; o__Tetraodontiformes; f__Tetraodontidae; g__Lagocephalus; s__lagocephalus
89885704	k__Animalia; p__Chordata; c__Teleostei; o__Tetraodontiformes; f__Tetraodontidae; g__Sphoeroides; s__pachygaster
25057258	k__Animalia; p__Chordata; c__Teleostei; o__Trachichthyiformes; f__Anoplogastridae; g__Anoplogaster; s__cornuta
25005817	k__Animalia; p__Chordata; c__Teleostei; o__Trachichthyiformes; f__Diretmidae; g__Diretmus; s__argenteus
985565785	k__Animalia; p__Chordata; c__Teleostei; o__Trachichthyiformes; f__Diretmidae; g__Diretmus; s__argenteus
2936169469	k__Animalia; p__Chordata; c__Teleostei; o__Trachichthyiformes; f__Trachichthyidae; g__Hoplostethus; s__mediterraneus
16267181	k__Animalia; p__Chordata; c__Teleostei; o__Zeiformes; f__Zeidae; g__Zeus; s__faber
2156568115	k__Animalia; p__Chordata; c__Teleostei; o__Zeiformes; f__Zeidae; g__Zeus; s__faber
2156568116	k__Animalia; p__Chordata; c__Teleostei; o__Zeiformes; f__Zeidae; g__Zeus; s__faber
2248508951	k__Animalia; p__Chordata; c__Teleostei; o__Zeiformes; f__Zeidae; g__Zeus; s__faber
2552653435	k__Animalia; p__Chordata; c__Teleostei; o__Zeiformes; f__Zeidae; g__Zeus; s__faber
985565355	k__Animalia; p__Chordata; c__Teleostei; o__Zeiformes; f__Zeidae; g__Zeus; s__faber
