47118042	k__Animalia; p__Chordata; c__Chondrostei; o__Acipenseriformes; f__Acipenseridae; g__Acipenser; s__sturio
1878349324	k__Animalia; p__Chordata; c__Elasmobranchii; o__Carcharhiniformes; f__Pentanchidae; g__Galeus; s__melastomus
2020640451	k__Animalia; p__Chordata; c__Elasmobranchii; o__Carcharhiniformes; f__Pentanchidae; g__Galeus; s__melastomus
2018537087	k__Animalia; p__Chordata; c__Elasmobranchii; o__Carcharhiniformes; f__Scyliorhinidae; g__Scyliorhinus; s__canicula
2018537271	k__Animalia; p__Chordata; c__Elasmobranchii; o__Carcharhiniformes; f__Scyliorhinidae; g__Scyliorhinus; s__stellaris
2547512104	k__Animalia; p__Chordata; c__Elasmobranchii; o__Carcharhiniformes; f__Triakidae; g__Galeorhinus; s__galeus
2627916178	k__Animalia; p__Chordata; c__Elasmobranchii; o__Carcharhiniformes; f__Triakidae; g__Galeorhinus; s__galeus
2791104617	k__Animalia; p__Chordata; c__Elasmobranchii; o__Carcharhiniformes; f__Triakidae; g__Mustelus; s__asterias
1465463978	k__Animalia; p__Chordata; c__Elasmobranchii; o__Carcharhiniformes; f__Triakidae; g__Mustelus; s__mustelus
2580278344	k__Animalia; p__Chordata; c__Elasmobranchii; o__Hexanchiformes; f__Hexanchidae; g__Hexanchus; s__griseus
37722025	k__Animalia; p__Chordata; c__Elasmobranchii; o__Hexanchiformes; f__Hexanchidae; g__Hexanchus; s__griseus
576598167	k__Animalia; p__Chordata; c__Elasmobranchii; o__Hexanchiformes; f__Hexanchidae; g__Hexanchus; s__griseus
576598171	k__Animalia; p__Chordata; c__Elasmobranchii; o__Hexanchiformes; f__Hexanchidae; g__Hexanchus; s__griseus
576598187	k__Animalia; p__Chordata; c__Elasmobranchii; o__Hexanchiformes; f__Hexanchidae; g__Hexanchus; s__griseus
1871283199	k__Animalia; p__Chordata; c__Elasmobranchii; o__Lamniformes; f__Alopiidae; g__Alopias; s__vulpinus
2557040615	k__Animalia; p__Chordata; c__Elasmobranchii; o__Lamniformes; f__Alopiidae; g__Alopias; s__vulpinus
2576858446	k__Animalia; p__Chordata; c__Elasmobranchii; o__Lamniformes; f__Cetorhinidae; g__Cetorhinus; s__maximus
557161640	k__Animalia; p__Chordata; c__Elasmobranchii; o__Lamniformes; f__Cetorhinidae; g__Cetorhinus; s__maximus
700275030	k__Animalia; p__Chordata; c__Elasmobranchii; o__Lamniformes; f__Cetorhinidae; g__Cetorhinus; s__maximus
700275170	k__Animalia; p__Chordata; c__Elasmobranchii; o__Lamniformes; f__Cetorhinidae; g__Cetorhinus; s__maximus
1871283157	k__Animalia; p__Chordata; c__Elasmobranchii; o__Lamniformes; f__Lamnidae; g__Lamna; s__nasus
1997119099	k__Animalia; p__Chordata; c__Elasmobranchii; o__Myliobatiformes; f__Dasyatidae; g__Dasyatis; s__pastinaca
2572732202	k__Animalia; p__Chordata; c__Elasmobranchii; o__Myliobatiformes; f__Myliobatidae; g__Myliobatis; s__aquila
2689250975	k__Animalia; p__Chordata; c__Elasmobranchii; o__Rajiformes; f__Rajidae; g__Amblyraja; s__radiata
2689251213	k__Animalia; p__Chordata; c__Elasmobranchii; o__Rajiformes; f__Rajidae; g__Amblyraja; s__radiata
2689252025	k__Animalia; p__Chordata; c__Elasmobranchii; o__Rajiformes; f__Rajidae; g__Amblyraja; s__radiata
2689252935	k__Animalia; p__Chordata; c__Elasmobranchii; o__Rajiformes; f__Rajidae; g__Amblyraja; s__radiata
2689253005	k__Animalia; p__Chordata; c__Elasmobranchii; o__Rajiformes; f__Rajidae; g__Amblyraja; s__radiata
2689253033	k__Animalia; p__Chordata; c__Elasmobranchii; o__Rajiformes; f__Rajidae; g__Amblyraja; s__radiata
2689253621	k__Animalia; p__Chordata; c__Elasmobranchii; o__Rajiformes; f__Rajidae; g__Amblyraja; s__radiata
2689254307	k__Animalia; p__Chordata; c__Elasmobranchii; o__Rajiformes; f__Rajidae; g__Amblyraja; s__radiata
2689254923	k__Animalia; p__Chordata; c__Elasmobranchii; o__Rajiformes; f__Rajidae; g__Amblyraja; s__radiata
2689255441	k__Animalia; p__Chordata; c__Elasmobranchii; o__Rajiformes; f__Rajidae; g__Amblyraja; s__radiata
2689256617	k__Animalia; p__Chordata; c__Elasmobranchii; o__Rajiformes; f__Rajidae; g__Amblyraja; s__radiata
2689256981	k__Animalia; p__Chordata; c__Elasmobranchii; o__Rajiformes; f__Rajidae; g__Amblyraja; s__radiata
2689257009	k__Animalia; p__Chordata; c__Elasmobranchii; o__Rajiformes; f__Rajidae; g__Amblyraja; s__radiata
2689257415	k__Animalia; p__Chordata; c__Elasmobranchii; o__Rajiformes; f__Rajidae; g__Amblyraja; s__radiata
126095405	k__Animalia; p__Chordata; c__Elasmobranchii; o__Rajiformes; f__Rajidae; g__Dipturus; s__batis
1418585892	k__Animalia; p__Chordata; c__Elasmobranchii; o__Rajiformes; f__Rajidae; g__Leucoraja; s__naevus
126095397	k__Animalia; p__Chordata; c__Elasmobranchii; o__Rajiformes; f__Rajidae; g__Raja; s__brachyura
1418585948	k__Animalia; p__Chordata; c__Elasmobranchii; o__Rajiformes; f__Rajidae; g__Raja; s__clavata
2018537037	k__Animalia; p__Chordata; c__Elasmobranchii; o__Rajiformes; f__Rajidae; g__Raja; s__clavata
129279364	k__Animalia; p__Chordata; c__Elasmobranchii; o__Rajiformes; f__Rajidae; g__Raja; s__montagui
2172621010	k__Animalia; p__Chordata; c__Elasmobranchii; o__Rajiformes; f__Rajidae; g__Raja; s__undulata
2260973950	k__Animalia; p__Chordata; c__Elasmobranchii; o__Squaliformes; f__Etmopteridae; g__Etmopterus; s__princeps
2260973951	k__Animalia; p__Chordata; c__Elasmobranchii; o__Squaliformes; f__Etmopteridae; g__Etmopterus; s__princeps
1799624253	k__Animalia; p__Chordata; c__Elasmobranchii; o__Squaliformes; f__Etmopteridae; g__Etmopterus; s__spinax
1150016761	k__Animalia; p__Chordata; c__Elasmobranchii; o__Squaliformes; f__Somniosidae; g__Somniosus; s__microcephalus
300676971	k__Animalia; p__Chordata; c__Elasmobranchii; o__Squaliformes; f__Somniosidae; g__Somniosus; s__microcephalus
2557040025	k__Animalia; p__Chordata; c__Elasmobranchii; o__Squaliformes; f__Squalidae; g__Squalus; s__acanthias
5835708	k__Animalia; p__Chordata; c__Elasmobranchii; o__Squaliformes; f__Squalidae; g__Squalus; s__acanthias
2158463351	k__Animalia; p__Chordata; c__Elasmobranchii; o__Squatiniformes; f__Squatinidae; g__Squatina; s__squatina
6691422	k__Animalia; p__Chordata; c__Petromyzonti; o__Petromyzontiformes; f__Petromyzontidae; g__Lampetra; s__fluviatilis
2557039575	k__Animalia; p__Chordata; c__Petromyzonti; o__Petromyzontiformes; f__Petromyzontidae; g__Petromyzon; s__marinus
2557039576	k__Animalia; p__Chordata; c__Petromyzonti; o__Petromyzontiformes; f__Petromyzontidae; g__Petromyzon; s__marinus
597440870	k__Animalia; p__Chordata; c__Teleostei; o__Anguilliformes; f__Anguillidae; g__Anguilla; s__anguilla
597441066	k__Animalia; p__Chordata; c__Teleostei; o__Anguilliformes; f__Anguillidae; g__Anguilla; s__anguilla
597441080	k__Animalia; p__Chordata; c__Teleostei; o__Anguilliformes; f__Anguillidae; g__Anguilla; s__anguilla
2018537240	k__Animalia; p__Chordata; c__Teleostei; o__Anguilliformes; f__Congridae; g__Conger; s__conger
2028741852	k__Animalia; p__Chordata; c__Teleostei; o__Atheriniformes; f__Atherinidae; g__Atherina; s__presbyter
2018537061	k__Animalia; p__Chordata; c__Teleostei; o__Beloniformes; f__Belonidae; g__Belone; s__belone
1918447582	k__Animalia; p__Chordata; c__Teleostei; o__Beloniformes; f__Scomberesocidae; g__Scomberesox; s__saurus
2018537152	k__Animalia; p__Chordata; c__Teleostei; o__Blenniiformes; f__Blenniidae; g__Lipophrys; s__pholis
2018537202	k__Animalia; p__Chordata; c__Teleostei; o__Blenniiformes; f__Blenniidae; g__Parablennius; s__gattorugine
2018537267	k__Animalia; p__Chordata; c__Teleostei; o__Callionymiformes; f__Callionymidae; g__Callionymus; s__lyra
2018537233	k__Animalia; p__Chordata; c__Teleostei; o__Callionymiformes; f__Callionymidae; g__Callionymus; s__maculatus
2028741856	k__Animalia; p__Chordata; c__Teleostei; o__Callionymiformes; f__Callionymidae; g__Callionymus; s__reticulatus
545691634	k__Animalia; p__Chordata; c__Teleostei; o__Carangiformes; f__Carangidae; g__Trachinotus; s__ovatus
2018537134	k__Animalia; p__Chordata; c__Teleostei; o__Carangiformes; f__Carangidae; g__Trachurus; s__trachurus
2750881795	k__Animalia; p__Chordata; c__Teleostei; o__Carangiformes; f__Carangidae; g__Trachurus; s__trachurus
9082206	k__Animalia; p__Chordata; c__Teleostei; o__Carangiformes; f__Carangidae; g__Trachurus; s__trachurus
148922684	k__Animalia; p__Chordata; c__Teleostei; o__Clupeiformes; f__Alosidae; g__Alosa; s__alosa
1896499027	k__Animalia; p__Chordata; c__Teleostei; o__Clupeiformes; f__Alosidae; g__Alosa; s__fallax
2758775399	k__Animalia; p__Chordata; c__Teleostei; o__Clupeiformes; f__Alosidae; g__Sardina; s__pilchardus
2758775497	k__Animalia; p__Chordata; c__Teleostei; o__Clupeiformes; f__Alosidae; g__Sardina; s__pilchardus
2758776057	k__Animalia; p__Chordata; c__Teleostei; o__Clupeiformes; f__Alosidae; g__Sardina; s__pilchardus
2758776323	k__Animalia; p__Chordata; c__Teleostei; o__Clupeiformes; f__Alosidae; g__Sardina; s__pilchardus
2758776337	k__Animalia; p__Chordata; c__Teleostei; o__Clupeiformes; f__Alosidae; g__Sardina; s__pilchardus
2758776603	k__Animalia; p__Chordata; c__Teleostei; o__Clupeiformes; f__Alosidae; g__Sardina; s__pilchardus
2758776785	k__Animalia; p__Chordata; c__Teleostei; o__Clupeiformes; f__Alosidae; g__Sardina; s__pilchardus
2758777233	k__Animalia; p__Chordata; c__Teleostei; o__Clupeiformes; f__Alosidae; g__Sardina; s__pilchardus
2018537164	k__Animalia; p__Chordata; c__Teleostei; o__Clupeiformes; f__Clupeidae; g__Clupea; s__harengus
426259359	k__Animalia; p__Chordata; c__Teleostei; o__Clupeiformes; f__Clupeidae; g__Clupea; s__harengus
426259401	k__Animalia; p__Chordata; c__Teleostei; o__Clupeiformes; f__Clupeidae; g__Clupea; s__harengus
426259527	k__Animalia; p__Chordata; c__Teleostei; o__Clupeiformes; f__Clupeidae; g__Clupea; s__harengus
426259625	k__Animalia; p__Chordata; c__Teleostei; o__Clupeiformes; f__Clupeidae; g__Clupea; s__harengus
426259653	k__Animalia; p__Chordata; c__Teleostei; o__Clupeiformes; f__Clupeidae; g__Clupea; s__harengus
426259821	k__Animalia; p__Chordata; c__Teleostei; o__Clupeiformes; f__Clupeidae; g__Clupea; s__harengus
426259905	k__Animalia; p__Chordata; c__Teleostei; o__Clupeiformes; f__Clupeidae; g__Clupea; s__harengus
426259961	k__Animalia; p__Chordata; c__Teleostei; o__Clupeiformes; f__Clupeidae; g__Clupea; s__harengus
426260017	k__Animalia; p__Chordata; c__Teleostei; o__Clupeiformes; f__Clupeidae; g__Clupea; s__harengus
426260073	k__Animalia; p__Chordata; c__Teleostei; o__Clupeiformes; f__Clupeidae; g__Clupea; s__harengus
426260115	k__Animalia; p__Chordata; c__Teleostei; o__Clupeiformes; f__Clupeidae; g__Clupea; s__harengus
426260171	k__Animalia; p__Chordata; c__Teleostei; o__Clupeiformes; f__Clupeidae; g__Clupea; s__harengus
426260311	k__Animalia; p__Chordata; c__Teleostei; o__Clupeiformes; f__Clupeidae; g__Clupea; s__harengus
426260381	k__Animalia; p__Chordata; c__Teleostei; o__Clupeiformes; f__Clupeidae; g__Clupea; s__harengus
426260423	k__Animalia; p__Chordata; c__Teleostei; o__Clupeiformes; f__Clupeidae; g__Clupea; s__harengus
148762744	k__Animalia; p__Chordata; c__Teleostei; o__Clupeiformes; f__Clupeidae; g__Sprattus; s__sprattus
1799624602	k__Animalia; p__Chordata; c__Teleostei; o__Clupeiformes; f__Clupeidae; g__Sprattus; s__sprattus
2018537163	k__Animalia; p__Chordata; c__Teleostei; o__Clupeiformes; f__Clupeidae; g__Sprattus; s__sprattus
148762576	k__Animalia; p__Chordata; c__Teleostei; o__Clupeiformes; f__Engraulidae; g__Engraulis; s__encrasicolus
1189408039	k__Animalia; p__Chordata; c__Teleostei; o__Eupercaria/misc; f__Labridae; g__Acantholabrus; s__palloni
1898139866	k__Animalia; p__Chordata; c__Teleostei; o__Eupercaria/misc; f__Labridae; g__Centrolabrus; s__exoletus
194351319	k__Animalia; p__Chordata; c__Teleostei; o__Eupercaria/misc; f__Labridae; g__Centrolabrus; s__exoletus
1898139824	k__Animalia; p__Chordata; c__Teleostei; o__Eupercaria/misc; f__Labridae; g__Ctenolabrus; s__rupestris
1918447741	k__Animalia; p__Chordata; c__Teleostei; o__Eupercaria/misc; f__Labridae; g__Ctenolabrus; s__rupestris
2018537101	k__Animalia; p__Chordata; c__Teleostei; o__Eupercaria/misc; f__Labridae; g__Labrus; s__bergylta
1189408120	k__Animalia; p__Chordata; c__Teleostei; o__Eupercaria/misc; f__Labridae; g__Labrus; s__mixtus
1843818457	k__Animalia; p__Chordata; c__Teleostei; o__Eupercaria/misc; f__Labridae; g__Labrus; s__mixtus
2617851875	k__Animalia; p__Chordata; c__Teleostei; o__Eupercaria/misc; f__Labridae; g__Labrus; s__mixtus
2018537090	k__Animalia; p__Chordata; c__Teleostei; o__Eupercaria/misc; f__Labridae; g__Symphodus; s__bailloni
2018537222	k__Animalia; p__Chordata; c__Teleostei; o__Eupercaria/misc; f__Labridae; g__Symphodus; s__bailloni
2028741903	k__Animalia; p__Chordata; c__Teleostei; o__Eupercaria/misc; f__Labridae; g__Symphodus; s__melops
1293099641	k__Animalia; p__Chordata; c__Teleostei; o__Eupercaria/misc; f__Moronidae; g__Dicentrarchus; s__labrax
602166250	k__Animalia; p__Chordata; c__Teleostei; o__Eupercaria/misc; f__Moronidae; g__Dicentrarchus; s__labrax
2208847186	k__Animalia; p__Chordata; c__Teleostei; o__Eupercaria/misc; f__Sciaenidae; g__Argyrosomus; s__regius
2557039307	k__Animalia; p__Chordata; c__Teleostei; o__Eupercaria/misc; f__Sciaenidae; g__Cynoscion; s__regalis
2557039378	k__Animalia; p__Chordata; c__Teleostei; o__Eupercaria/misc; f__Sciaenidae; g__Micropogonias; s__undulatus
1896498965	k__Animalia; p__Chordata; c__Teleostei; o__Eupercaria/misc; f__Sparidae; g__Boops; s__boops
2091529450	k__Animalia; p__Chordata; c__Teleostei; o__Eupercaria/misc; f__Sparidae; g__Diplodus; s__sargus
1375531143	k__Animalia; p__Chordata; c__Teleostei; o__Eupercaria/misc; f__Sparidae; g__Pagellus; s__acarne
148368793	k__Animalia; p__Chordata; c__Teleostei; o__Eupercaria/misc; f__Sparidae; g__Pagellus; s__bogaraveo
1843818462	k__Animalia; p__Chordata; c__Teleostei; o__Eupercaria/misc; f__Sparidae; g__Pagellus; s__bogaraveo
2018537212	k__Animalia; p__Chordata; c__Teleostei; o__Eupercaria/misc; f__Sparidae; g__Sparus; s__aurata
2018537084	k__Animalia; p__Chordata; c__Teleostei; o__Eupercaria/misc; f__Sparidae; g__Spondyliosoma; s__cantharus
1112921686	k__Animalia; p__Chordata; c__Teleostei; o__Gadiformes; f__Gadidae; g__Gadus; s__morhua
1112921714	k__Animalia; p__Chordata; c__Teleostei; o__Gadiformes; f__Gadidae; g__Gadus; s__morhua
1112921784	k__Animalia; p__Chordata; c__Teleostei; o__Gadiformes; f__Gadidae; g__Gadus; s__morhua
1112921966	k__Animalia; p__Chordata; c__Teleostei; o__Gadiformes; f__Gadidae; g__Gadus; s__morhua
1593084209	k__Animalia; p__Chordata; c__Teleostei; o__Gadiformes; f__Gadidae; g__Gadus; s__morhua
194303889	k__Animalia; p__Chordata; c__Teleostei; o__Gadiformes; f__Gadidae; g__Gadus; s__morhua
2456435612	k__Animalia; p__Chordata; c__Teleostei; o__Gadiformes; f__Gadidae; g__Gadus; s__morhua
2994737884	k__Animalia; p__Chordata; c__Teleostei; o__Gadiformes; f__Gadidae; g__Melanogrammus; s__aeglefinus
66802157	k__Animalia; p__Chordata; c__Teleostei; o__Gadiformes; f__Gadidae; g__Merlangius; s__merlangus
2125675820	k__Animalia; p__Chordata; c__Teleostei; o__Gadiformes; f__Gadidae; g__Micromesistius; s__poutassou
2500156171	k__Animalia; p__Chordata; c__Teleostei; o__Gadiformes; f__Gadidae; g__Pollachius; s__pollachius
821091566	k__Animalia; p__Chordata; c__Teleostei; o__Gadiformes; f__Gadidae; g__Pollachius; s__pollachius
55956573	k__Animalia; p__Chordata; c__Teleostei; o__Gadiformes; f__Gadidae; g__Trisopterus; s__esmarkii
2018537203	k__Animalia; p__Chordata; c__Teleostei; o__Gadiformes; f__Gadidae; g__Trisopterus; s__luscus
2018537251	k__Animalia; p__Chordata; c__Teleostei; o__Gadiformes; f__Gadidae; g__Trisopterus; s__minutus
2018537168	k__Animalia; p__Chordata; c__Teleostei; o__Gadiformes; f__Gaidropsaridae; g__Ciliata; s__mustela
906357330	k__Animalia; p__Chordata; c__Teleostei; o__Gadiformes; f__Gaidropsaridae; g__Ciliata; s__mustela
2018537219	k__Animalia; p__Chordata; c__Teleostei; o__Gadiformes; f__Gaidropsaridae; g__Ciliata; s__septentrionalis
2018537261	k__Animalia; p__Chordata; c__Teleostei; o__Gadiformes; f__Gaidropsaridae; g__Ciliata; s__septentrionalis
2028741865	k__Animalia; p__Chordata; c__Teleostei; o__Gadiformes; f__Gaidropsaridae; g__Enchelyopus; s__cimbrius
2952869385	k__Animalia; p__Chordata; c__Teleostei; o__Gadiformes; f__Gaidropsaridae; g__Enchelyopus; s__cimbrius
2333440965	k__Animalia; p__Chordata; c__Teleostei; o__Gadiformes; f__Lotidae; g__Molva; s__dypterygia
821091560	k__Animalia; p__Chordata; c__Teleostei; o__Gadiformes; f__Lotidae; g__Molva; s__molva
1897352085	k__Animalia; p__Chordata; c__Teleostei; o__Gadiformes; f__Merlucciidae; g__Merluccius; s__merluccius
317423520	k__Animalia; p__Chordata; c__Teleostei; o__Gadiformes; f__Merlucciidae; g__Merluccius; s__merluccius
2028741898	k__Animalia; p__Chordata; c__Teleostei; o__Gadiformes; f__Ranicipitidae; g__Raniceps; s__raninus
2018537114	k__Animalia; p__Chordata; c__Teleostei; o__Gobiesociformes; f__Gobiesocidae; g__Diplecogaster; s__bimaculata
146330276	k__Animalia; p__Chordata; c__Teleostei; o__Gobiiformes; f__Gobiidae; g__Aphia; s__minuta
2018537055	k__Animalia; p__Chordata; c__Teleostei; o__Gobiiformes; f__Gobiidae; g__Aphia; s__minuta
2018537056	k__Animalia; p__Chordata; c__Teleostei; o__Gobiiformes; f__Gobiidae; g__Aphia; s__minuta
146330288	k__Animalia; p__Chordata; c__Teleostei; o__Gobiiformes; f__Gobiidae; g__Crystallogobius; s__linearis
1799624505	k__Animalia; p__Chordata; c__Teleostei; o__Gobiiformes; f__Gobiidae; g__Crystallogobius; s__linearis
985566240	k__Animalia; p__Chordata; c__Teleostei; o__Gobiiformes; f__Gobiidae; g__Gobius; s__niger
1980526525	k__Animalia; p__Chordata; c__Teleostei; o__Gobiiformes; f__Gobiidae; g__Neogobius; s__melanostomus
2082965266	k__Animalia; p__Chordata; c__Teleostei; o__Gobiiformes; f__Gobiidae; g__Neogobius; s__melanostomus
2082965267	k__Animalia; p__Chordata; c__Teleostei; o__Gobiiformes; f__Gobiidae; g__Neogobius; s__melanostomus
2325477644	k__Animalia; p__Chordata; c__Teleostei; o__Gobiiformes; f__Gobiidae; g__Neogobius; s__melanostomus
2018537057	k__Animalia; p__Chordata; c__Teleostei; o__Gobiiformes; f__Gobiidae; g__Pomatoschistus; s__microps
146330286	k__Animalia; p__Chordata; c__Teleostei; o__Gobiiformes; f__Gobiidae; g__Pomatoschistus; s__minutus
2018537189	k__Animalia; p__Chordata; c__Teleostei; o__Gobiiformes; f__Gobiidae; g__Pomatoschistus; s__minutus
2018537159	k__Animalia; p__Chordata; c__Teleostei; o__Gobiiformes; f__Gobiidae; g__Pomatoschistus; s__pictus
2018537191	k__Animalia; p__Chordata; c__Teleostei; o__Gobiiformes; f__Gobiidae; g__Pomatoschistus; s__pictus
2018537192	k__Animalia; p__Chordata; c__Teleostei; o__Gobiiformes; f__Gobiidae; g__Pomatoschistus; s__pictus
1896498877	k__Animalia; p__Chordata; c__Teleostei; o__Lophiiformes; f__Lophiidae; g__Lophius; s__budegassa
1347728641	k__Animalia; p__Chordata; c__Teleostei; o__Lophiiformes; f__Lophiidae; g__Lophius; s__piscatorius
14530131	k__Animalia; p__Chordata; c__Teleostei; o__Lophiiformes; f__Lophiidae; g__Lophius; s__piscatorius
661414452	k__Animalia; p__Chordata; c__Teleostei; o__Mugiliformes; f__Mugilidae; g__Chelon; s__auratus
1253131565	k__Animalia; p__Chordata; c__Teleostei; o__Mugiliformes; f__Mugilidae; g__Chelon; s__labrosus
2745579768	k__Animalia; p__Chordata; c__Teleostei; o__Mugiliformes; f__Mugilidae; g__Chelon; s__ramada
1561111500	k__Animalia; p__Chordata; c__Teleostei; o__Mugiliformes; f__Mugilidae; g__Mugil; s__cephalus
16267017	k__Animalia; p__Chordata; c__Teleostei; o__Mugiliformes; f__Mugilidae; g__Mugil; s__cephalus
1860606065	k__Animalia; p__Chordata; c__Teleostei; o__Mugiliformes; f__Mugilidae; g__Mugil; s__cephalus
203284803	k__Animalia; p__Chordata; c__Teleostei; o__Mugiliformes; f__Mugilidae; g__Mugil; s__cephalus
2494998042	k__Animalia; p__Chordata; c__Teleostei; o__Mugiliformes; f__Mugilidae; g__Mugil; s__cephalus
1894451003	k__Animalia; p__Chordata; c__Teleostei; o__Mulliformes; f__Mullidae; g__Mullus; s__surmuletus
1980526569	k__Animalia; p__Chordata; c__Teleostei; o__Mulliformes; f__Mullidae; g__Mullus; s__surmuletus
1009080591	k__Animalia; p__Chordata; c__Teleostei; o__Ophidiiformes; f__Carapidae; g__Echiodon; s__drummondii
1980526549	k__Animalia; p__Chordata; c__Teleostei; o__Osmeriformes; f__Osmeridae; g__Osmerus; s__eperlanus
3071319367	k__Animalia; p__Chordata; c__Teleostei; o__Perciformes/Cottoidei; f__Agonidae; g__Agonus; s__cataphractus
2018537053	k__Animalia; p__Chordata; c__Teleostei; o__Perciformes/Cottoidei; f__Cottidae; g__Micrenophrys; s__lilljeborgii
985565808	k__Animalia; p__Chordata; c__Teleostei; o__Perciformes/Cottoidei; f__Cottidae; g__Myoxocephalus; s__scorpius
2018537032	k__Animalia; p__Chordata; c__Teleostei; o__Perciformes/Cottoidei; f__Cottidae; g__Taurulus; s__bubalis
2018537103	k__Animalia; p__Chordata; c__Teleostei; o__Perciformes/Cottoidei; f__Cottidae; g__Taurulus; s__bubalis
2063797987	k__Animalia; p__Chordata; c__Teleostei; o__Perciformes/Cottoidei; f__Cottidae; g__Taurulus; s__bubalis
669175243	k__Animalia; p__Chordata; c__Teleostei; o__Perciformes/Cottoidei; f__Cottidae; g__Taurulus; s__bubalis
1798174185	k__Animalia; p__Chordata; c__Teleostei; o__Perciformes/Cottoidei; f__Cyclopteridae; g__Cyclopterus; s__lumpus
2333440934	k__Animalia; p__Chordata; c__Teleostei; o__Perciformes/Cottoidei; f__Cyclopteridae; g__Cyclopterus; s__lumpus
2018537194	k__Animalia; p__Chordata; c__Teleostei; o__Perciformes/Cottoidei; f__Liparidae; g__Liparis; s__liparis
2018537229	k__Animalia; p__Chordata; c__Teleostei; o__Perciformes/Cottoidei; f__Liparidae; g__Liparis; s__liparis
2018537195	k__Animalia; p__Chordata; c__Teleostei; o__Perciformes/Cottoidei; f__Liparidae; g__Liparis; s__montagui
1790179390	k__Animalia; p__Chordata; c__Teleostei; o__Perciformes/Cottoidei; f__Psychrolutidae; g__Cottunculus; s__microps
1096114283	k__Animalia; p__Chordata; c__Teleostei; o__Perciformes/Gasterosteoidei; f__Gasterosteidae; g__Gasterosteus; s__aculeatus
1209184441	k__Animalia; p__Chordata; c__Teleostei; o__Perciformes/Gasterosteoidei; f__Gasterosteidae; g__Gasterosteus; s__aculeatus
1993261556	k__Animalia; p__Chordata; c__Teleostei; o__Perciformes/Gasterosteoidei; f__Gasterosteidae; g__Gasterosteus; s__aculeatus
2283864942	k__Animalia; p__Chordata; c__Teleostei; o__Perciformes/Gasterosteoidei; f__Gasterosteidae; g__Gasterosteus; s__aculeatus
2370815912	k__Animalia; p__Chordata; c__Teleostei; o__Perciformes/Gasterosteoidei; f__Gasterosteidae; g__Gasterosteus; s__aculeatus
2483755360	k__Animalia; p__Chordata; c__Teleostei; o__Perciformes/Gasterosteoidei; f__Gasterosteidae; g__Gasterosteus; s__aculeatus
2904573492	k__Animalia; p__Chordata; c__Teleostei; o__Perciformes/Gasterosteoidei; f__Gasterosteidae; g__Gasterosteus; s__aculeatus
725542207	k__Animalia; p__Chordata; c__Teleostei; o__Perciformes/Gasterosteoidei; f__Gasterosteidae; g__Gasterosteus; s__aculeatus
988043847	k__Animalia; p__Chordata; c__Teleostei; o__Perciformes/Gasterosteoidei; f__Gasterosteidae; g__Pungitius; s__laevis
988043861	k__Animalia; p__Chordata; c__Teleostei; o__Perciformes/Gasterosteoidei; f__Gasterosteidae; g__Pungitius; s__laevis
2018537031	k__Animalia; p__Chordata; c__Teleostei; o__Perciformes/Gasterosteoidei; f__Gasterosteidae; g__Spinachia; s__spinachia
212374523	k__Animalia; p__Chordata; c__Teleostei; o__Perciformes/Gasterosteoidei; f__Gasterosteidae; g__Spinachia; s__spinachia
2018537069	k__Animalia; p__Chordata; c__Teleostei; o__Perciformes/Percoidei; f__Trachinidae; g__Echiichthys; s__vipera
1798174213	k__Animalia; p__Chordata; c__Teleostei; o__Perciformes/Percoidei; f__Trachinidae; g__Trachinus; s__draco
2208847194	k__Animalia; p__Chordata; c__Teleostei; o__Perciformes/Scorpaenoidei; f__Triglidae; g__Chelidonichthys; s__cuculus
2018537067	k__Animalia; p__Chordata; c__Teleostei; o__Perciformes/Scorpaenoidei; f__Triglidae; g__Chelidonichthys; s__lastoviza
2018537078	k__Animalia; p__Chordata; c__Teleostei; o__Perciformes/Scorpaenoidei; f__Triglidae; g__Chelidonichthys; s__lastoviza
2018537111	k__Animalia; p__Chordata; c__Teleostei; o__Perciformes/Scorpaenoidei; f__Triglidae; g__Chelidonichthys; s__lucerna
2188144269	k__Animalia; p__Chordata; c__Teleostei; o__Perciformes/Scorpaenoidei; f__Triglidae; g__Chelidonichthys; s__lucerna
3030954970	k__Animalia; p__Chordata; c__Teleostei; o__Perciformes/Scorpaenoidei; f__Triglidae; g__Chelidonichthys; s__lucerna
2018537112	k__Animalia; p__Chordata; c__Teleostei; o__Perciformes/Scorpaenoidei; f__Triglidae; g__Eutrigla; s__gurnardus
2028741867	k__Animalia; p__Chordata; c__Teleostei; o__Perciformes/Scorpaenoidei; f__Triglidae; g__Eutrigla; s__gurnardus
1799624588	k__Animalia; p__Chordata; c__Teleostei; o__Perciformes/Uranoscopoidei; f__Ammodytidae; g__Ammodytes; s__marinus
2500143734	k__Animalia; p__Chordata; c__Teleostei; o__Perciformes/Uranoscopoidei; f__Ammodytidae; g__Ammodytes; s__marinus
2018537079	k__Animalia; p__Chordata; c__Teleostei; o__Perciformes/Uranoscopoidei; f__Ammodytidae; g__Ammodytes; s__tobianus
2028741869	k__Animalia; p__Chordata; c__Teleostei; o__Perciformes/Uranoscopoidei; f__Ammodytidae; g__Gymnammodytes; s__semisquamatus
2018537179	k__Animalia; p__Chordata; c__Teleostei; o__Perciformes/Uranoscopoidei; f__Ammodytidae; g__Hyperoplus; s__immaculatus
2452988784	k__Animalia; p__Chordata; c__Teleostei; o__Perciformes/Uranoscopoidei; f__Ammodytidae; g__Hyperoplus; s__immaculatus
2018537107	k__Animalia; p__Chordata; c__Teleostei; o__Perciformes/Uranoscopoidei; f__Ammodytidae; g__Hyperoplus; s__lanceolatus
1188236128	k__Animalia; p__Chordata; c__Teleostei; o__Perciformes/Zoarcoidei; f__Anarhichadidae; g__Anarhichas; s__lupus
1188236408	k__Animalia; p__Chordata; c__Teleostei; o__Perciformes/Zoarcoidei; f__Anarhichadidae; g__Anarhichas; s__lupus
1980526482	k__Animalia; p__Chordata; c__Teleostei; o__Perciformes/Zoarcoidei; f__Pholidae; g__Pholis; s__gunnellus
2063798826	k__Animalia; p__Chordata; c__Teleostei; o__Perciformes/Zoarcoidei; f__Pholidae; g__Pholis; s__gunnellus
1798174050	k__Animalia; p__Chordata; c__Teleostei; o__Pleuronectiformes; f__Bothidae; g__Arnoglossus; s__laterna
1788585436	k__Animalia; p__Chordata; c__Teleostei; o__Pleuronectiformes; f__Pleuronectidae; g__Glyptocephalus; s__cynoglossus
1898137426	k__Animalia; p__Chordata; c__Teleostei; o__Pleuronectiformes; f__Pleuronectidae; g__Glyptocephalus; s__cynoglossus
22532237	k__Animalia; p__Chordata; c__Teleostei; o__Pleuronectiformes; f__Pleuronectidae; g__Hippoglossoides; s__platessoides
1799624546	k__Animalia; p__Chordata; c__Teleostei; o__Pleuronectiformes; f__Pleuronectidae; g__Limanda; s__limanda
2810125438	k__Animalia; p__Chordata; c__Teleostei; o__Pleuronectiformes; f__Pleuronectidae; g__Microstomus; s__kitt
2745580202	k__Animalia; p__Chordata; c__Teleostei; o__Pleuronectiformes; f__Pleuronectidae; g__Platichthys; s__flesus
2018537039	k__Animalia; p__Chordata; c__Teleostei; o__Pleuronectiformes; f__Pleuronectidae; g__Pleuronectes; s__platessa
2362857258	k__Animalia; p__Chordata; c__Teleostei; o__Pleuronectiformes; f__Pleuronectidae; g__Pleuronectes; s__platessa
2635582964	k__Animalia; p__Chordata; c__Teleostei; o__Pleuronectiformes; f__Scophthalmidae; g__Scophthalmus; s__maximus
2018537104	k__Animalia; p__Chordata; c__Teleostei; o__Pleuronectiformes; f__Scophthalmidae; g__Scophthalmus; s__rhombus
1980526440	k__Animalia; p__Chordata; c__Teleostei; o__Pleuronectiformes; f__Scophthalmidae; g__Zeugopterus; s__punctatus
2188144276	k__Animalia; p__Chordata; c__Teleostei; o__Pleuronectiformes; f__Scophthalmidae; g__Zeugopterus; s__punctatus
2018537042	k__Animalia; p__Chordata; c__Teleostei; o__Pleuronectiformes; f__Soleidae; g__Buglossidium; s__luteum
2208847211	k__Animalia; p__Chordata; c__Teleostei; o__Pleuronectiformes; f__Soleidae; g__Microchirus; s__variegatus
2578658292	k__Animalia; p__Chordata; c__Teleostei; o__Pleuronectiformes; f__Soleidae; g__Microchirus; s__variegatus
2018537093	k__Animalia; p__Chordata; c__Teleostei; o__Pleuronectiformes; f__Soleidae; g__Pegusa; s__lascaris
2018537041	k__Animalia; p__Chordata; c__Teleostei; o__Pleuronectiformes; f__Soleidae; g__Solea; s__solea
194398793	k__Animalia; p__Chordata; c__Teleostei; o__Salmoniformes; f__Salmonidae; g__Salmo; s__salar
194398794	k__Animalia; p__Chordata; c__Teleostei; o__Salmoniformes; f__Salmonidae; g__Salmo; s__salar
2812967598	k__Animalia; p__Chordata; c__Teleostei; o__Salmoniformes; f__Salmonidae; g__Salmo; s__salar
2812967794	k__Animalia; p__Chordata; c__Teleostei; o__Salmoniformes; f__Salmonidae; g__Salmo; s__salar
1293099583	k__Animalia; p__Chordata; c__Teleostei; o__Salmoniformes; f__Salmonidae; g__Salmo; s__trutta
161333791	k__Animalia; p__Chordata; c__Teleostei; o__Salmoniformes; f__Salmonidae; g__Salmo; s__trutta
2033631757	k__Animalia; p__Chordata; c__Teleostei; o__Salmoniformes; f__Salmonidae; g__Salmo; s__trutta
2253741137	k__Animalia; p__Chordata; c__Teleostei; o__Salmoniformes; f__Salmonidae; g__Salmo; s__trutta
2253741193	k__Animalia; p__Chordata; c__Teleostei; o__Salmoniformes; f__Salmonidae; g__Salmo; s__trutta
2370816605	k__Animalia; p__Chordata; c__Teleostei; o__Salmoniformes; f__Salmonidae; g__Salmo; s__trutta
2370816643	k__Animalia; p__Chordata; c__Teleostei; o__Salmoniformes; f__Salmonidae; g__Salmo; s__trutta
1276391932	k__Animalia; p__Chordata; c__Teleostei; o__Salmoniformes; f__Salmonidae; g__Salvelinus; s__alpinus
2305126581	k__Animalia; p__Chordata; c__Teleostei; o__Salmoniformes; f__Salmonidae; g__Salvelinus; s__fontinalis
2714808908	k__Animalia; p__Chordata; c__Teleostei; o__Salmoniformes; f__Salmonidae; g__Salvelinus; s__fontinalis
2070998197	k__Animalia; p__Chordata; c__Teleostei; o__Scombriformes; f__Scombridae; g__Euthynnus; s__alletteratus
2557040607	k__Animalia; p__Chordata; c__Teleostei; o__Scombriformes; f__Scombridae; g__Euthynnus; s__alletteratus
2989752562	k__Animalia; p__Chordata; c__Teleostei; o__Scombriformes; f__Scombridae; g__Euthynnus; s__alletteratus
2491776992	k__Animalia; p__Chordata; c__Teleostei; o__Scombriformes; f__Scombridae; g__Katsuwonus; s__pelamis
3053320599	k__Animalia; p__Chordata; c__Teleostei; o__Scombriformes; f__Scombridae; g__Sarda; s__sarda
2557040421	k__Animalia; p__Chordata; c__Teleostei; o__Scombriformes; f__Scombridae; g__Scomber; s__scombrus
4494770	k__Animalia; p__Chordata; c__Teleostei; o__Scombriformes; f__Scombridae; g__Scomber; s__scombrus
1173213948	k__Animalia; p__Chordata; c__Teleostei; o__Scombriformes; f__Scombridae; g__Thunnus; s__thynnus
33622385	k__Animalia; p__Chordata; c__Teleostei; o__Scombriformes; f__Scombridae; g__Thunnus; s__thynnus
41323762	k__Animalia; p__Chordata; c__Teleostei; o__Scombriformes; f__Scombridae; g__Thunnus; s__thynnus
1798174131	k__Animalia; p__Chordata; c__Teleostei; o__Syngnathiformes; f__Syngnathidae; g__Entelurus; s__aequoreus
2028741870	k__Animalia; p__Chordata; c__Teleostei; o__Syngnathiformes; f__Syngnathidae; g__Hippocampus; s__guttulatus
2018537216	k__Animalia; p__Chordata; c__Teleostei; o__Syngnathiformes; f__Syngnathidae; g__Hippocampus; s__hippocampus
2018537217	k__Animalia; p__Chordata; c__Teleostei; o__Syngnathiformes; f__Syngnathidae; g__Hippocampus; s__hippocampus
1946840978	k__Animalia; p__Chordata; c__Teleostei; o__Syngnathiformes; f__Syngnathidae; g__Nerophis; s__lumbriciformis
1946840989	k__Animalia; p__Chordata; c__Teleostei; o__Syngnathiformes; f__Syngnathidae; g__Nerophis; s__lumbriciformis
1946841027	k__Animalia; p__Chordata; c__Teleostei; o__Syngnathiformes; f__Syngnathidae; g__Nerophis; s__lumbriciformis
1946841028	k__Animalia; p__Chordata; c__Teleostei; o__Syngnathiformes; f__Syngnathidae; g__Nerophis; s__lumbriciformis
1946841049	k__Animalia; p__Chordata; c__Teleostei; o__Syngnathiformes; f__Syngnathidae; g__Nerophis; s__lumbriciformis
1946841054	k__Animalia; p__Chordata; c__Teleostei; o__Syngnathiformes; f__Syngnathidae; g__Nerophis; s__lumbriciformis
2018537174	k__Animalia; p__Chordata; c__Teleostei; o__Syngnathiformes; f__Syngnathidae; g__Nerophis; s__lumbriciformis
2028741886	k__Animalia; p__Chordata; c__Teleostei; o__Syngnathiformes; f__Syngnathidae; g__Nerophis; s__ophidion
2018537190	k__Animalia; p__Chordata; c__Teleostei; o__Syngnathiformes; f__Syngnathidae; g__Syngnathus; s__acus
2018537241	k__Animalia; p__Chordata; c__Teleostei; o__Syngnathiformes; f__Syngnathidae; g__Syngnathus; s__rostellatus
2018537244	k__Animalia; p__Chordata; c__Teleostei; o__Syngnathiformes; f__Syngnathidae; g__Syngnathus; s__rostellatus
1028909032	k__Animalia; p__Chordata; c__Teleostei; o__Syngnathiformes; f__Syngnathidae; g__Syngnathus; s__typhle
2018537243	k__Animalia; p__Chordata; c__Teleostei; o__Syngnathiformes; f__Syngnathidae; g__Syngnathus; s__typhle
2557040392	k__Animalia; p__Chordata; c__Teleostei; o__Tetraodontiformes; f__Balistidae; g__Balistes; s__capriscus
2580278094	k__Animalia; p__Chordata; c__Teleostei; o__Tetraodontiformes; f__Balistidae; g__Balistes; s__capriscus
16356967	k__Animalia; p__Chordata; c__Teleostei; o__Zeiformes; f__Zeidae; g__Zeus; s__faber
2156568115	k__Animalia; p__Chordata; c__Teleostei; o__Zeiformes; f__Zeidae; g__Zeus; s__faber
2156568116	k__Animalia; p__Chordata; c__Teleostei; o__Zeiformes; f__Zeidae; g__Zeus; s__faber
2234296698	k__Animalia; p__Chordata; c__Teleostei; o__Zeiformes; f__Zeidae; g__Zeus; s__faber
2552653435	k__Animalia; p__Chordata; c__Teleostei; o__Zeiformes; f__Zeidae; g__Zeus; s__faber
985565355	k__Animalia; p__Chordata; c__Teleostei; o__Zeiformes; f__Zeidae; g__Zeus; s__faber
